r	{"filters": [{"attr": "DOLocationID", "op": "eq", "value": 238}, {"attr": "fare_amount", "op": "range", "lo": 12.8, "hi": 62.5}], "most_selective_attr": "DOLocationID"}
r	{"filters": [{"attr": "DOLocationID", "op": "eq", "value": 100}, {"attr": "fare_amount", "op": "range", "lo": -14.2, "hi": 24.7}], "most_selective_attr": "DOLocationID"}
r	{"filters": [{"attr": "PULocationID", "op": "eq", "value": 137}, {"attr": "passenger_count", "op": "range", "lo": 0.0, "hi": 7.0}], "most_selective_attr": "PULocationID"}
r	{"filters": [{"attr": "DOLocationID", "op": "eq", "value": 236}, {"attr": "tpep_pickup_datetime", "op": "range", "lo": 1758201.0, "hi": 1764595.0}], "most_selective_attr": "DOLocationID"}
r	{"filters": [{"attr": "DOLocationID", "op": "eq", "value": 140}, {"attr": "fare_amount", "op": "range", "lo": 6.5, "hi": 15.6}], "most_selective_attr": "DOLocationID"}
r	{"filters": [{"attr": "PULocationID", "op": "eq", "value": 87}, {"attr": "fare_amount", "op": "range", "lo": -769.5, "hi": 998.0}], "most_selective_attr": "PULocationID"}
r	{"filters": [{"attr": "DOLocationID", "op": "eq", "value": 79}, {"attr": "fare_amount", "op": "range", "lo": -3.0, "hi": 14.2}], "most_selective_attr": "DOLocationID"}
r	{"filters": [{"attr": "PULocationID", "op": "eq", "value": 70}, {"attr": "fare_amount", "op": "range", "lo": -769.5, "hi": 998.0}], "most_selective_attr": "PULocationID"}
r	{"filters": [{"attr": "DOLocationID", "op": "eq", "value": 263}, {"attr": "tpep_dropoff_datetime", "op": "range", "lo": 1739065.0, "hi": 1754562.0}], "most_selective_attr": "DOLocationID"}
r	{"filters": [{"attr": "DOLocationID", "op": "eq", "value": 161}, {"attr": "tpep_dropoff_datetime", "op": "range", "lo": 1737199.0, "hi": 1745250.0}], "most_selective_attr": "DOLocationID"}
r	{"filters": [{"attr": "PULocationID", "op": "eq", "value": 48}, {"attr": "tpep_dropoff_datetime", "op": "range", "lo": 1752458.0, "hi": 1765394.0}], "most_selective_attr": "PULocationID"}
r	{"filters": [{"attr": "DOLocationID", "op": "eq", "value": 163}, {"attr": "tpep_pickup_datetime", "op": "range", "lo": 1740516.0, "hi": 1752446.0}], "most_selective_attr": "DOLocationID"}
r	{"filters": [{"attr": "DOLocationID", "op": "eq", "value": 232}, {"attr": "fare_amount", "op": "range", "lo": -769.5, "hi": 998.0}], "most_selective_attr": "DOLocationID"}
r	{"filters": [{"attr": "DOLocationID", "op": "eq", "value": 88}, {"attr": "passenger_count", "op": "range", "lo": 0.0, "hi": 7.0}], "most_selective_attr": "DOLocationID"}
r	{"filters": [{"attr": "DOLocationID", "op": "eq", "value": 50}, {"attr": "fare_amount", "op": "range", "lo": -70.0, "hi": 84.0}], "most_selective_attr": "DOLocationID"}
r	{"filters": [{"attr": "DOLocationID", "op": "eq", "value": 238}, {"attr": "tpep_dropoff_datetime", "op": "range", "lo": 1743671.0, "hi": 1758581.0}], "most_selective_attr": "DOLocationID"}
r	{"filters": [{"attr": "PULocationID", "op": "eq", "value": 261}, {"attr": "tpep_dropoff_datetime", "op": "range", "lo": 1735690.0, "hi": 1767227.0}], "most_selective_attr": "PULocationID"}
r	{"filters": [{"attr": "PULocationID", "op": "eq", "value": 237}, {"attr": "fare_amount", "op": "range", "lo": 17.7, "hi": 33.8}], "most_selective_attr": "PULocationID"}
r	{"filters": [{"attr": "DOLocationID", "op": "eq", "value": 166}, {"attr": "tpep_pickup_datetime", "op": "range", "lo": 1735689.0, "hi": 1767225.0}], "most_selective_attr": "DOLocationID"}
r	{"filters": [{"attr": "DOLocationID", "op": "eq", "value": 265}, {"attr": "tpep_dropoff_datetime", "op": "range", "lo": 1735690.0, "hi": 1767227.0}], "most_selective_attr": "DOLocationID"}
