r	{"filters": [{"attr": "PULocationID", "op": "eq", "value": 9}, {"attr": "tpep_pickup_datetime", "op": "range", "lo": -8264311.0, "hi": -7264311.0}], "most_selective_attr": "PULocationID"}
r	{"filters": [{"attr": "PULocationID", "op": "eq", "value": 177}, {"attr": "tpep_pickup_datetime", "op": "range", "lo": -8264311.0, "hi": -7264311.0}], "most_selective_attr": "PULocationID"}
r	{"filters": [{"attr": "PULocationID", "op": "eq", "value": 16}, {"attr": "tpep_pickup_datetime", "op": "range", "lo": -8264311.0, "hi": -7264311.0}], "most_selective_attr": "PULocationID"}
r	{"filters": [{"attr": "PULocationID", "op": "eq", "value": 10}, {"attr": "tpep_pickup_datetime", "op": "range", "lo": -8264311.0, "hi": -7264311.0}], "most_selective_attr": "PULocationID"}
r	{"filters": [{"attr": "PULocationID", "op": "eq", "value": 7}, {"attr": "tpep_pickup_datetime", "op": "range", "lo": -8264311.0, "hi": -7264311.0}], "most_selective_attr": "PULocationID"}
r	{"filters": [{"attr": "PULocationID", "op": "eq", "value": 16}, {"attr": "tpep_pickup_datetime", "op": "range", "lo": -8264311.0, "hi": -7264311.0}], "most_selective_attr": "PULocationID"}
r	{"filters": [{"attr": "PULocationID", "op": "eq", "value": 60}, {"attr": "tpep_pickup_datetime", "op": "range", "lo": -8264311.0, "hi": -7264311.0}], "most_selective_attr": "PULocationID"}
r	{"filters": [{"attr": "PULocationID", "op": "eq", "value": 239}, {"attr": "tpep_pickup_datetime", "op": "range", "lo": -8264311.0, "hi": -7264311.0}], "most_selective_attr": "PULocationID"}
r	{"filters": [{"attr": "PULocationID", "op": "eq", "value": 15}, {"attr": "tpep_pickup_datetime", "op": "range", "lo": -8264311.0, "hi": -7264311.0}], "most_selective_attr": "PULocationID"}
r	{"filters": [{"attr": "PULocationID", "op": "eq", "value": 98}, {"attr": "tpep_pickup_datetime", "op": "range", "lo": -8264311.0, "hi": -7264311.0}], "most_selective_attr": "PULocationID"}
r	{"filters": [{"attr": "PULocationID", "op": "eq", "value": 35}, {"attr": "tpep_pickup_datetime", "op": "range", "lo": -8264311.0, "hi": -7264311.0}], "most_selective_attr": "PULocationID"}
r	{"filters": [{"attr": "PULocationID", "op": "eq", "value": 177}, {"attr": "tpep_pickup_datetime", "op": "range", "lo": -8264311.0, "hi": -7264311.0}], "most_selective_attr": "PULocationID"}
r	{"filters": [{"attr": "PULocationID", "op": "eq", "value": 76}, {"attr": "tpep_pickup_datetime", "op": "range", "lo": -8264311.0, "hi": -7264311.0}], "most_selective_attr": "PULocationID"}
r	{"filters": [{"attr": "PULocationID", "op": "eq", "value": 40}, {"attr": "tpep_pickup_datetime", "op": "range", "lo": -8264311.0, "hi": -7264311.0}], "most_selective_attr": "PULocationID"}
r	{"filters": [{"attr": "PULocationID", "op": "eq", "value": 264}, {"attr": "tpep_pickup_datetime", "op": "range", "lo": -8264311.0, "hi": -7264311.0}], "most_selective_attr": "PULocationID"}
r	{"filters": [{"attr": "PULocationID", "op": "eq", "value": 190}, {"attr": "tpep_pickup_datetime", "op": "range", "lo": -8264311.0, "hi": -7264311.0}], "most_selective_attr": "PULocationID"}
r	{"filters": [{"attr": "PULocationID", "op": "eq", "value": 257}, {"attr": "tpep_pickup_datetime", "op": "range", "lo": -8264311.0, "hi": -7264311.0}], "most_selective_attr": "PULocationID"}
r	{"filters": [{"attr": "PULocationID", "op": "eq", "value": 220}, {"attr": "tpep_pickup_datetime", "op": "range", "lo": -8264311.0, "hi": -7264311.0}], "most_selective_attr": "PULocationID"}
r	{"filters": [{"attr": "PULocationID", "op": "eq", "value": 126}, {"attr": "tpep_pickup_datetime", "op": "range", "lo": -8264311.0, "hi": -7264311.0}], "most_selective_attr": "PULocationID"}
r	{"filters": [{"attr": "PULocationID", "op": "eq", "value": 166}, {"attr": "tpep_pickup_datetime", "op": "range", "lo": -8264311.0, "hi": -7264311.0}], "most_selective_attr": "PULocationID"}
