r	{"filters": [{"attr": "tpep_pickup_datetime", "op": "range", "lo": 1738276191, "hi": 4102444800}, {"attr": "tpep_dropoff_datetime", "op": "range", "lo": 0, "hi": 1738277327}], "most_selective_attr": "tpep_dropoff_datetime"}
r	{"filters": [{"attr": "tpep_pickup_datetime", "op": "range", "lo": 1749897473, "hi": 4102444800}, {"attr": "tpep_dropoff_datetime", "op": "range", "lo": 0, "hi": 1749898591}], "most_selective_attr": "tpep_pickup_datetime"}
r	{"filters": [{"attr": "tpep_pickup_datetime", "op": "range", "lo": 1754641001, "hi": 4102444800}, {"attr": "tpep_dropoff_datetime", "op": "range", "lo": 0, "hi": 1754642720}], "most_selective_attr": "tpep_pickup_datetime"}
r	{"filters": [{"attr": "tpep_pickup_datetime", "op": "range", "lo": 1752100075, "hi": 4102444800}, {"attr": "tpep_dropoff_datetime", "op": "range", "lo": 0, "hi": 1752101264}], "most_selective_attr": "tpep_pickup_datetime"}
r	{"filters": [{"attr": "tpep_pickup_datetime", "op": "range", "lo": 1723349035, "hi": 4102444800}, {"attr": "tpep_dropoff_datetime", "op": "range", "lo": 0, "hi": 1723351649}], "most_selective_attr": "tpep_dropoff_datetime"}
r	{"filters": [{"attr": "tpep_pickup_datetime", "op": "range", "lo": 1713299645, "hi": 4102444800}, {"attr": "tpep_dropoff_datetime", "op": "range", "lo": 0, "hi": 1713300859}], "most_selective_attr": "tpep_dropoff_datetime"}
r	{"filters": [{"attr": "tpep_pickup_datetime", "op": "range", "lo": 1735492053, "hi": 4102444800}, {"attr": "tpep_dropoff_datetime", "op": "range", "lo": 0, "hi": 1735493646}], "most_selective_attr": "tpep_dropoff_datetime"}
r	{"filters": [{"attr": "tpep_pickup_datetime", "op": "range", "lo": 1756664291, "hi": 4102444800}, {"attr": "tpep_dropoff_datetime", "op": "range", "lo": 0, "hi": 1756665578}], "most_selective_attr": "tpep_pickup_datetime"}
r	{"filters": [{"attr": "tpep_pickup_datetime", "op": "range", "lo": 1743277571, "hi": 4102444800}, {"attr": "tpep_dropoff_datetime", "op": "range", "lo": 0, "hi": 1743278520}], "most_selective_attr": "tpep_pickup_datetime"}
r	{"filters": [{"attr": "tpep_pickup_datetime", "op": "range", "lo": 1705696196, "hi": 4102444800}, {"attr": "tpep_dropoff_datetime", "op": "range", "lo": 0, "hi": 1705697584}], "most_selective_attr": "tpep_dropoff_datetime"}
r	{"filters": [{"attr": "tpep_pickup_datetime", "op": "range", "lo": 1753389811, "hi": 4102444800}, {"attr": "tpep_dropoff_datetime", "op": "range", "lo": 0, "hi": 1753390993}], "most_selective_attr": "tpep_pickup_datetime"}
r	{"filters": [{"attr": "tpep_pickup_datetime", "op": "range", "lo": 1726177413, "hi": 4102444800}, {"attr": "tpep_dropoff_datetime", "op": "range", "lo": 0, "hi": 1726178493}], "most_selective_attr": "tpep_dropoff_datetime"}
r	{"filters": [{"attr": "tpep_pickup_datetime", "op": "range", "lo": 1746105384, "hi": 4102444800}, {"attr": "tpep_dropoff_datetime", "op": "range", "lo": 0, "hi": 1746106729}], "most_selective_attr": "tpep_pickup_datetime"}
r	{"filters": [{"attr": "tpep_pickup_datetime", "op": "range", "lo": 1746176444, "hi": 4102444800}, {"attr": "tpep_dropoff_datetime", "op": "range", "lo": 0, "hi": 1746177864}], "most_selective_attr": "tpep_pickup_datetime"}
r	{"filters": [{"attr": "tpep_pickup_datetime", "op": "range", "lo": 1710454839, "hi": 4102444800}, {"attr": "tpep_dropoff_datetime", "op": "range", "lo": 0, "hi": 1710455938}], "most_selective_attr": "tpep_dropoff_datetime"}
r	{"filters": [{"attr": "tpep_pickup_datetime", "op": "range", "lo": 1716656218, "hi": 4102444800}, {"attr": "tpep_dropoff_datetime", "op": "range", "lo": 0, "hi": 1716657583}], "most_selective_attr": "tpep_dropoff_datetime"}
r	{"filters": [{"attr": "tpep_pickup_datetime", "op": "range", "lo": 1738232994, "hi": 4102444800}, {"attr": "tpep_dropoff_datetime", "op": "range", "lo": 0, "hi": 1738234401}], "most_selective_attr": "tpep_dropoff_datetime"}
r	{"filters": [{"attr": "tpep_pickup_datetime", "op": "range", "lo": 1748732693, "hi": 4102444800}, {"attr": "tpep_dropoff_datetime", "op": "range", "lo": 0, "hi": 1748733717}], "most_selective_attr": "tpep_pickup_datetime"}
r	{"filters": [{"attr": "tpep_pickup_datetime", "op": "range", "lo": 1711734558, "hi": 4102444800}, {"attr": "tpep_dropoff_datetime", "op": "range", "lo": 0, "hi": 1711735675}], "most_selective_attr": "tpep_dropoff_datetime"}
r	{"filters": [{"attr": "tpep_pickup_datetime", "op": "range", "lo": 1725634907, "hi": 4102444800}, {"attr": "tpep_dropoff_datetime", "op": "range", "lo": 0, "hi": 1725636226}], "most_selective_attr": "tpep_dropoff_datetime"}
r	{"filters": [{"attr": "tpep_pickup_datetime", "op": "range", "lo": 1763022040, "hi": 4102444800}, {"attr": "tpep_dropoff_datetime", "op": "range", "lo": 0, "hi": 1763023366}], "most_selective_attr": "tpep_pickup_datetime"}
r	{"filters": [{"attr": "tpep_pickup_datetime", "op": "range", "lo": 1745250539, "hi": 4102444800}, {"attr": "tpep_dropoff_datetime", "op": "range", "lo": 0, "hi": 1745251776}], "most_selective_attr": "tpep_pickup_datetime"}
r	{"filters": [{"attr": "tpep_pickup_datetime", "op": "range", "lo": 1743943720, "hi": 4102444800}, {"attr": "tpep_dropoff_datetime", "op": "range", "lo": 0, "hi": 1743944890}], "most_selective_attr": "tpep_pickup_datetime"}
r	{"filters": [{"attr": "tpep_pickup_datetime", "op": "range", "lo": 1733088572, "hi": 4102444800}, {"attr": "tpep_dropoff_datetime", "op": "range", "lo": 0, "hi": 1733090220}], "most_selective_attr": "tpep_dropoff_datetime"}
r	{"filters": [{"attr": "tpep_pickup_datetime", "op": "range", "lo": 1737472530, "hi": 4102444800}, {"attr": "tpep_dropoff_datetime", "op": "range", "lo": 0, "hi": 1737473793}], "most_selective_attr": "tpep_dropoff_datetime"}
r	{"filters": [{"attr": "tpep_pickup_datetime", "op": "range", "lo": 1723669876, "hi": 4102444800}, {"attr": "tpep_dropoff_datetime", "op": "range", "lo": 0, "hi": 1723671133}], "most_selective_attr": "tpep_dropoff_datetime"}
r	{"filters": [{"attr": "tpep_pickup_datetime", "op": "range", "lo": 1737736404, "hi": 4102444800}, {"attr": "tpep_dropoff_datetime", "op": "range", "lo": 0, "hi": 1737737570}], "most_selective_attr": "tpep_dropoff_datetime"}
r	{"filters": [{"attr": "tpep_pickup_datetime", "op": "range", "lo": 1715480118, "hi": 4102444800}, {"attr": "tpep_dropoff_datetime", "op": "range", "lo": 0, "hi": 1715481769}], "most_selective_attr": "tpep_dropoff_datetime"}
r	{"filters": [{"attr": "tpep_pickup_datetime", "op": "range", "lo": 1742840582, "hi": 4102444800}, {"attr": "tpep_dropoff_datetime", "op": "range", "lo": 0, "hi": 1742841771}], "most_selective_attr": "tpep_pickup_datetime"}
r	{"filters": [{"attr": "tpep_pickup_datetime", "op": "range", "lo": 1764667022, "hi": 4102444800}, {"attr": "tpep_dropoff_datetime", "op": "range", "lo": 0, "hi": 1764668344}], "most_selective_attr": "tpep_pickup_datetime"}
r	{"filters": [{"attr": "tpep_pickup_datetime", "op": "range", "lo": 1727572314, "hi": 4102444800}, {"attr": "tpep_dropoff_datetime", "op": "range", "lo": 0, "hi": 1727573489}], "most_selective_attr": "tpep_dropoff_datetime"}
r	{"filters": [{"attr": "tpep_pickup_datetime", "op": "range", "lo": 1724415055, "hi": 4102444800}, {"attr": "tpep_dropoff_datetime", "op": "range", "lo": 0, "hi": 1724416558}], "most_selective_attr": "tpep_dropoff_datetime"}
r	{"filters": [{"attr": "tpep_pickup_datetime", "op": "range", "lo": 1705857992, "hi": 4102444800}, {"attr": "tpep_dropoff_datetime", "op": "range", "lo": 0, "hi": 1705859359}], "most_selective_attr": "tpep_dropoff_datetime"}
r	{"filters": [{"attr": "tpep_pickup_datetime", "op": "range", "lo": 1741180277, "hi": 4102444800}, {"attr": "tpep_dropoff_datetime", "op": "range", "lo": 0, "hi": 1741181607}], "most_selective_attr": "tpep_pickup_datetime"}
r	{"filters": [{"attr": "tpep_pickup_datetime", "op": "range", "lo": 1714157571, "hi": 4102444800}, {"attr": "tpep_dropoff_datetime", "op": "range", "lo": 0, "hi": 1714158747}], "most_selective_attr": "tpep_dropoff_datetime"}
r	{"filters": [{"attr": "tpep_pickup_datetime", "op": "range", "lo": 1748045244, "hi": 4102444800}, {"attr": "tpep_dropoff_datetime", "op": "range", "lo": 0, "hi": 1748046510}], "most_selective_attr": "tpep_pickup_datetime"}
r	{"filters": [{"attr": "tpep_pickup_datetime", "op": "range", "lo": 1748458452, "hi": 4102444800}, {"attr": "tpep_dropoff_datetime", "op": "range", "lo": 0, "hi": 1748459427}], "most_selective_attr": "tpep_pickup_datetime"}
r	{"filters": [{"attr": "tpep_pickup_datetime", "op": "range", "lo": 1751645064, "hi": 4102444800}, {"attr": "tpep_dropoff_datetime", "op": "range", "lo": 0, "hi": 1751646427}], "most_selective_attr": "tpep_pickup_datetime"}
r	{"filters": [{"attr": "tpep_pickup_datetime", "op": "range", "lo": 1751397612, "hi": 4102444800}, {"attr": "tpep_dropoff_datetime", "op": "range", "lo": 0, "hi": 1751398483}], "most_selective_attr": "tpep_pickup_datetime"}
r	{"filters": [{"attr": "tpep_pickup_datetime", "op": "range", "lo": 1745400243, "hi": 4102444800}, {"attr": "tpep_dropoff_datetime", "op": "range", "lo": 0, "hi": 1745401598}], "most_selective_attr": "tpep_pickup_datetime"}
r	{"filters": [{"attr": "tpep_pickup_datetime", "op": "range", "lo": 1762513907, "hi": 4102444800}, {"attr": "tpep_dropoff_datetime", "op": "range", "lo": 0, "hi": 1762515372}], "most_selective_attr": "tpep_pickup_datetime"}
r	{"filters": [{"attr": "tpep_pickup_datetime", "op": "range", "lo": 1714231058, "hi": 4102444800}, {"attr": "tpep_dropoff_datetime", "op": "range", "lo": 0, "hi": 1714232436}], "most_selective_attr": "tpep_dropoff_datetime"}
r	{"filters": [{"attr": "tpep_pickup_datetime", "op": "range", "lo": 1741875251, "hi": 4102444800}, {"attr": "tpep_dropoff_datetime", "op": "range", "lo": 0, "hi": 1741876551}], "most_selective_attr": "tpep_pickup_datetime"}
r	{"filters": [{"attr": "tpep_pickup_datetime", "op": "range", "lo": 1735892326, "hi": 4102444800}, {"attr": "tpep_dropoff_datetime", "op": "range", "lo": 0, "hi": 1735894255}], "most_selective_attr": "tpep_dropoff_datetime"}
r	{"filters": [{"attr": "tpep_pickup_datetime", "op": "range", "lo": 1756643872, "hi": 4102444800}, {"attr": "tpep_dropoff_datetime", "op": "range", "lo": 0, "hi": 1756645252}], "most_selective_attr": "tpep_pickup_datetime"}
r	{"filters": [{"attr": "tpep_pickup_datetime", "op": "range", "lo": 1724943430, "hi": 4102444800}, {"attr": "tpep_dropoff_datetime", "op": "range", "lo": 0, "hi": 1724944858}], "most_selective_attr": "tpep_dropoff_datetime"}
r	{"filters": [{"attr": "tpep_pickup_datetime", "op": "range", "lo": 1766512277, "hi": 4102444800}, {"attr": "tpep_dropoff_datetime", "op": "range", "lo": 0, "hi": 1766513544}], "most_selective_attr": "tpep_pickup_datetime"}
r	{"filters": [{"attr": "tpep_pickup_datetime", "op": "range", "lo": 1763581260, "hi": 4102444800}, {"attr": "tpep_dropoff_datetime", "op": "range", "lo": 0, "hi": 1763582390}], "most_selective_attr": "tpep_pickup_datetime"}
r	{"filters": [{"attr": "tpep_pickup_datetime", "op": "range", "lo": 1725558761, "hi": 4102444800}, {"attr": "tpep_dropoff_datetime", "op": "range", "lo": 0, "hi": 1725559946}], "most_selective_attr": "tpep_dropoff_datetime"}
r	{"filters": [{"attr": "tpep_pickup_datetime", "op": "range", "lo": 1710893518, "hi": 4102444800}, {"attr": "tpep_dropoff_datetime", "op": "range", "lo": 0, "hi": 1710896394}], "most_selective_attr": "tpep_dropoff_datetime"}
r	{"filters": [{"attr": "tpep_pickup_datetime", "op": "range", "lo": 1752784872, "hi": 4102444800}, {"attr": "tpep_dropoff_datetime", "op": "range", "lo": 0, "hi": 1752785982}], "most_selective_attr": "tpep_pickup_datetime"}
r	{"filters": [{"attr": "tpep_pickup_datetime", "op": "range", "lo": 1712529430, "hi": 4102444800}, {"attr": "tpep_dropoff_datetime", "op": "range", "lo": 0, "hi": 1712531296}], "most_selective_attr": "tpep_dropoff_datetime"}
r	{"filters": [{"attr": "tpep_pickup_datetime", "op": "range", "lo": 1739699251, "hi": 4102444800}, {"attr": "tpep_dropoff_datetime", "op": "range", "lo": 0, "hi": 1739700581}], "most_selective_attr": "tpep_pickup_datetime"}
r	{"filters": [{"attr": "tpep_pickup_datetime", "op": "range", "lo": 1727865410, "hi": 4102444800}, {"attr": "tpep_dropoff_datetime", "op": "range", "lo": 0, "hi": 1727866830}], "most_selective_attr": "tpep_dropoff_datetime"}
r	{"filters": [{"attr": "tpep_pickup_datetime", "op": "range", "lo": 1747841107, "hi": 4102444800}, {"attr": "tpep_dropoff_datetime", "op": "range", "lo": 0, "hi": 1747842315}], "most_selective_attr": "tpep_pickup_datetime"}
r	{"filters": [{"attr": "tpep_pickup_datetime", "op": "range", "lo": 1752089488, "hi": 4102444800}, {"attr": "tpep_dropoff_datetime", "op": "range", "lo": 0, "hi": 1752090658}], "most_selective_attr": "tpep_pickup_datetime"}
r	{"filters": [{"attr": "tpep_pickup_datetime", "op": "range", "lo": 1752691730, "hi": 4102444800}, {"attr": "tpep_dropoff_datetime", "op": "range", "lo": 0, "hi": 1752692767}], "most_selective_attr": "tpep_pickup_datetime"}
r	{"filters": [{"attr": "tpep_pickup_datetime", "op": "range", "lo": 1764245890, "hi": 4102444800}, {"attr": "tpep_dropoff_datetime", "op": "range", "lo": 0, "hi": 1764247445}], "most_selective_attr": "tpep_pickup_datetime"}
r	{"filters": [{"attr": "tpep_pickup_datetime", "op": "range", "lo": 1721056181, "hi": 4102444800}, {"attr": "tpep_dropoff_datetime", "op": "range", "lo": 0, "hi": 1721057509}], "most_selective_attr": "tpep_dropoff_datetime"}
r	{"filters": [{"attr": "tpep_pickup_datetime", "op": "range", "lo": 1761243474, "hi": 4102444800}, {"attr": "tpep_dropoff_datetime", "op": "range", "lo": 0, "hi": 1761244532}], "most_selective_attr": "tpep_pickup_datetime"}
r	{"filters": [{"attr": "tpep_pickup_datetime", "op": "range", "lo": 1715019602, "hi": 4102444800}, {"attr": "tpep_dropoff_datetime", "op": "range", "lo": 0, "hi": 1715020788}], "most_selective_attr": "tpep_dropoff_datetime"}
r	{"filters": [{"attr": "tpep_pickup_datetime", "op": "range", "lo": 1750976302, "hi": 4102444800}, {"attr": "tpep_dropoff_datetime", "op": "range", "lo": 0, "hi": 1750977395}], "most_selective_attr": "tpep_pickup_datetime"}
r	{"filters": [{"attr": "tpep_pickup_datetime", "op": "range", "lo": 1760284322, "hi": 4102444800}, {"attr": "tpep_dropoff_datetime", "op": "range", "lo": 0, "hi": 1760285707}], "most_selective_attr": "tpep_pickup_datetime"}
r	{"filters": [{"attr": "tpep_pickup_datetime", "op": "range", "lo": 1767101199, "hi": 4102444800}, {"attr": "tpep_dropoff_datetime", "op": "range", "lo": 0, "hi": 1767102560}], "most_selective_attr": "tpep_pickup_datetime"}
r	{"filters": [{"attr": "tpep_pickup_datetime", "op": "range", "lo": 1754556498, "hi": 4102444800}, {"attr": "tpep_dropoff_datetime", "op": "range", "lo": 0, "hi": 1754557832}], "most_selective_attr": "tpep_pickup_datetime"}
r	{"filters": [{"attr": "tpep_pickup_datetime", "op": "range", "lo": 1734009865, "hi": 4102444800}, {"attr": "tpep_dropoff_datetime", "op": "range", "lo": 0, "hi": 1734011329}], "most_selective_attr": "tpep_dropoff_datetime"}
r	{"filters": [{"attr": "tpep_pickup_datetime", "op": "range", "lo": 1714418741, "hi": 4102444800}, {"attr": "tpep_dropoff_datetime", "op": "range", "lo": 0, "hi": 1714420031}], "most_selective_attr": "tpep_dropoff_datetime"}
r	{"filters": [{"attr": "tpep_pickup_datetime", "op": "range", "lo": 1723944343, "hi": 4102444800}, {"attr": "tpep_dropoff_datetime", "op": "range", "lo": 0, "hi": 1723946023}], "most_selective_attr": "tpep_dropoff_datetime"}
r	{"filters": [{"attr": "tpep_pickup_datetime", "op": "range", "lo": 1713561232, "hi": 4102444800}, {"attr": "tpep_dropoff_datetime", "op": "range", "lo": 0, "hi": 1713562541}], "most_selective_attr": "tpep_dropoff_datetime"}
r	{"filters": [{"attr": "tpep_pickup_datetime", "op": "range", "lo": 1725403082, "hi": 4102444800}, {"attr": "tpep_dropoff_datetime", "op": "range", "lo": 0, "hi": 1725404781}], "most_selective_attr": "tpep_dropoff_datetime"}
r	{"filters": [{"attr": "tpep_pickup_datetime", "op": "range", "lo": 1738967694, "hi": 4102444800}, {"attr": "tpep_dropoff_datetime", "op": "range", "lo": 0, "hi": 1738968814}], "most_selective_attr": "tpep_pickup_datetime"}
r	{"filters": [{"attr": "tpep_pickup_datetime", "op": "range", "lo": 1733002783, "hi": 4102444800}, {"attr": "tpep_dropoff_datetime", "op": "range", "lo": 0, "hi": 1733004226}], "most_selective_attr": "tpep_dropoff_datetime"}
r	{"filters": [{"attr": "tpep_pickup_datetime", "op": "range", "lo": 1718028863, "hi": 4102444800}, {"attr": "tpep_dropoff_datetime", "op": "range", "lo": 0, "hi": 1718030231}], "most_selective_attr": "tpep_dropoff_datetime"}
r	{"filters": [{"attr": "tpep_pickup_datetime", "op": "range", "lo": 1710453006, "hi": 4102444800}, {"attr": "tpep_dropoff_datetime", "op": "range", "lo": 0, "hi": 1710454062}], "most_selective_attr": "tpep_dropoff_datetime"}
r	{"filters": [{"attr": "tpep_pickup_datetime", "op": "range", "lo": 1752241210, "hi": 4102444800}, {"attr": "tpep_dropoff_datetime", "op": "range", "lo": 0, "hi": 1752242507}], "most_selective_attr": "tpep_pickup_datetime"}
r	{"filters": [{"attr": "tpep_pickup_datetime", "op": "range", "lo": 1742579622, "hi": 4102444800}, {"attr": "tpep_dropoff_datetime", "op": "range", "lo": 0, "hi": 1742580736}], "most_selective_attr": "tpep_pickup_datetime"}
r	{"filters": [{"attr": "tpep_pickup_datetime", "op": "range", "lo": 1763137457, "hi": 4102444800}, {"attr": "tpep_dropoff_datetime", "op": "range", "lo": 0, "hi": 1763138727}], "most_selective_attr": "tpep_pickup_datetime"}
r	{"filters": [{"attr": "tpep_pickup_datetime", "op": "range", "lo": 1713582742, "hi": 4102444800}, {"attr": "tpep_dropoff_datetime", "op": "range", "lo": 0, "hi": 1713584859}], "most_selective_attr": "tpep_dropoff_datetime"}
r	{"filters": [{"attr": "tpep_pickup_datetime", "op": "range", "lo": 1737837597, "hi": 4102444800}, {"attr": "tpep_dropoff_datetime", "op": "range", "lo": 0, "hi": 1737838870}], "most_selective_attr": "tpep_dropoff_datetime"}
r	{"filters": [{"attr": "tpep_pickup_datetime", "op": "range", "lo": 1739869100, "hi": 4102444800}, {"attr": "tpep_dropoff_datetime", "op": "range", "lo": 0, "hi": 1739870404}], "most_selective_attr": "tpep_pickup_datetime"}
r	{"filters": [{"attr": "tpep_pickup_datetime", "op": "range", "lo": 1724560983, "hi": 4102444800}, {"attr": "tpep_dropoff_datetime", "op": "range", "lo": 0, "hi": 1724567197}], "most_selective_attr": "tpep_dropoff_datetime"}
r	{"filters": [{"attr": "tpep_pickup_datetime", "op": "range", "lo": 1744306925, "hi": 4102444800}, {"attr": "tpep_dropoff_datetime", "op": "range", "lo": 0, "hi": 1744307961}], "most_selective_attr": "tpep_pickup_datetime"}
r	{"filters": [{"attr": "tpep_pickup_datetime", "op": "range", "lo": 1741887644, "hi": 4102444800}, {"attr": "tpep_dropoff_datetime", "op": "range", "lo": 0, "hi": 1741888697}], "most_selective_attr": "tpep_pickup_datetime"}
r	{"filters": [{"attr": "tpep_pickup_datetime", "op": "range", "lo": 1751159197, "hi": 4102444800}, {"attr": "tpep_dropoff_datetime", "op": "range", "lo": 0, "hi": 1751160377}], "most_selective_attr": "tpep_pickup_datetime"}
r	{"filters": [{"attr": "tpep_pickup_datetime", "op": "range", "lo": 1714161604, "hi": 4102444800}, {"attr": "tpep_dropoff_datetime", "op": "range", "lo": 0, "hi": 1714162884}], "most_selective_attr": "tpep_dropoff_datetime"}
r	{"filters": [{"attr": "tpep_pickup_datetime", "op": "range", "lo": 1744269953, "hi": 4102444800}, {"attr": "tpep_dropoff_datetime", "op": "range", "lo": 0, "hi": 1744271308}], "most_selective_attr": "tpep_pickup_datetime"}
r	{"filters": [{"attr": "tpep_pickup_datetime", "op": "range", "lo": 1733924066, "hi": 4102444800}, {"attr": "tpep_dropoff_datetime", "op": "range", "lo": 0, "hi": 1733925597}], "most_selective_attr": "tpep_dropoff_datetime"}
r	{"filters": [{"attr": "tpep_pickup_datetime", "op": "range", "lo": 1736458831, "hi": 4102444800}, {"attr": "tpep_dropoff_datetime", "op": "range", "lo": 0, "hi": 1736459920}], "most_selective_attr": "tpep_dropoff_datetime"}
r	{"filters": [{"attr": "tpep_pickup_datetime", "op": "range", "lo": 1747928509, "hi": 4102444800}, {"attr": "tpep_dropoff_datetime", "op": "range", "lo": 0, "hi": 1747929626}], "most_selective_attr": "tpep_pickup_datetime"}
r	{"filters": [{"attr": "tpep_pickup_datetime", "op": "range", "lo": 1712141940, "hi": 4102444800}, {"attr": "tpep_dropoff_datetime", "op": "range", "lo": 0, "hi": 1712143356}], "most_selective_attr": "tpep_dropoff_datetime"}
r	{"filters": [{"attr": "tpep_pickup_datetime", "op": "range", "lo": 1736149404, "hi": 4102444800}, {"attr": "tpep_dropoff_datetime", "op": "range", "lo": 0, "hi": 1736150886}], "most_selective_attr": "tpep_dropoff_datetime"}
r	{"filters": [{"attr": "tpep_pickup_datetime", "op": "range", "lo": 1720447794, "hi": 4102444800}, {"attr": "tpep_dropoff_datetime", "op": "range", "lo": 0, "hi": 1720449162}], "most_selective_attr": "tpep_dropoff_datetime"}
r	{"filters": [{"attr": "tpep_pickup_datetime", "op": "range", "lo": 1763445379, "hi": 4102444800}, {"attr": "tpep_dropoff_datetime", "op": "range", "lo": 0, "hi": 1763448242}], "most_selective_attr": "tpep_pickup_datetime"}
r	{"filters": [{"attr": "tpep_pickup_datetime", "op": "range", "lo": 1759943628, "hi": 4102444800}, {"attr": "tpep_dropoff_datetime", "op": "range", "lo": 0, "hi": 1759944782}], "most_selective_attr": "tpep_pickup_datetime"}
r	{"filters": [{"attr": "tpep_pickup_datetime", "op": "range", "lo": 1712755525, "hi": 4102444800}, {"attr": "tpep_dropoff_datetime", "op": "range", "lo": 0, "hi": 1712756873}], "most_selective_attr": "tpep_dropoff_datetime"}
r	{"filters": [{"attr": "tpep_pickup_datetime", "op": "range", "lo": 1730292660, "hi": 4102444800}, {"attr": "tpep_dropoff_datetime", "op": "range", "lo": 0, "hi": 1730294107}], "most_selective_attr": "tpep_dropoff_datetime"}
r	{"filters": [{"attr": "tpep_pickup_datetime", "op": "range", "lo": 1765069743, "hi": 4102444800}, {"attr": "tpep_dropoff_datetime", "op": "range", "lo": 0, "hi": 1765070875}], "most_selective_attr": "tpep_pickup_datetime"}
r	{"filters": [{"attr": "tpep_pickup_datetime", "op": "range", "lo": 1759933936, "hi": 4102444800}, {"attr": "tpep_dropoff_datetime", "op": "range", "lo": 0, "hi": 1759935274}], "most_selective_attr": "tpep_pickup_datetime"}
r	{"filters": [{"attr": "tpep_pickup_datetime", "op": "range", "lo": 1723070736, "hi": 4102444800}, {"attr": "tpep_dropoff_datetime", "op": "range", "lo": 0, "hi": 1723072084}], "most_selective_attr": "tpep_dropoff_datetime"}
r	{"filters": [{"attr": "tpep_pickup_datetime", "op": "range", "lo": 1720722816, "hi": 4102444800}, {"attr": "tpep_dropoff_datetime", "op": "range", "lo": 0, "hi": 1720723945}], "most_selective_attr": "tpep_dropoff_datetime"}
