r	{"filters": [{"attr": "tpep_pickup_datetime", "op": "range", "lo": 1738267842, "hi": 4102444800}, {"attr": "tpep_dropoff_datetime", "op": "range", "lo": 0, "hi": 1738311091}], "most_selective_attr": "tpep_dropoff_datetime"}
r	{"filters": [{"attr": "tpep_pickup_datetime", "op": "range", "lo": 1749864772, "hi": 4102444800}, {"attr": "tpep_dropoff_datetime", "op": "range", "lo": 0, "hi": 1749904754}], "most_selective_attr": "tpep_pickup_datetime"}
r	{"filters": [{"attr": "tpep_pickup_datetime", "op": "range", "lo": 1722693011, "hi": 4102444800}, {"attr": "tpep_dropoff_datetime", "op": "range", "lo": 0, "hi": 1722714739}], "most_selective_attr": "tpep_dropoff_datetime"}
r	{"filters": [{"attr": "tpep_pickup_datetime", "op": "range", "lo": 1754603188, "hi": 4102444800}, {"attr": "tpep_dropoff_datetime", "op": "range", "lo": 0, "hi": 1754649805}], "most_selective_attr": "tpep_pickup_datetime"}
r	{"filters": [{"attr": "tpep_pickup_datetime", "op": "range", "lo": 1752088266, "hi": 4102444800}, {"attr": "tpep_dropoff_datetime", "op": "range", "lo": 0, "hi": 1752108775}], "most_selective_attr": "tpep_pickup_datetime"}
r	{"filters": [{"attr": "tpep_pickup_datetime", "op": "range", "lo": 1723337533, "hi": 4102444800}, {"attr": "tpep_dropoff_datetime", "op": "range", "lo": 0, "hi": 1723390359}], "most_selective_attr": "tpep_dropoff_datetime"}
r	{"filters": [{"attr": "tpep_pickup_datetime", "op": "range", "lo": 1713296793, "hi": 4102444800}, {"attr": "tpep_dropoff_datetime", "op": "range", "lo": 0, "hi": 1713345751}], "most_selective_attr": "tpep_dropoff_datetime"}
r	{"filters": [{"attr": "tpep_pickup_datetime", "op": "range", "lo": 1735480343, "hi": 4102444800}, {"attr": "tpep_dropoff_datetime", "op": "range", "lo": 0, "hi": 1735510929}], "most_selective_attr": "tpep_dropoff_datetime"}
r	{"filters": [{"attr": "tpep_pickup_datetime", "op": "range", "lo": 1756646423, "hi": 4102444800}, {"attr": "tpep_dropoff_datetime", "op": "range", "lo": 0, "hi": 1756669834}], "most_selective_attr": "tpep_pickup_datetime"}
r	{"filters": [{"attr": "tpep_pickup_datetime", "op": "range", "lo": 1743271001, "hi": 4102444800}, {"attr": "tpep_dropoff_datetime", "op": "range", "lo": 0, "hi": 1743283980}], "most_selective_attr": "tpep_pickup_datetime"}
r	{"filters": [{"attr": "tpep_pickup_datetime", "op": "range", "lo": 1705695593, "hi": 4102444800}, {"attr": "tpep_dropoff_datetime", "op": "range", "lo": 0, "hi": 1705747225}], "most_selective_attr": "tpep_dropoff_datetime"}
r	{"filters": [{"attr": "tpep_pickup_datetime", "op": "range", "lo": 1753376718, "hi": 4102444800}, {"attr": "tpep_dropoff_datetime", "op": "range", "lo": 0, "hi": 1753395143}], "most_selective_attr": "tpep_pickup_datetime"}
r	{"filters": [{"attr": "tpep_pickup_datetime", "op": "range", "lo": 1726172555, "hi": 4102444800}, {"attr": "tpep_dropoff_datetime", "op": "range", "lo": 0, "hi": 1726211682}], "most_selective_attr": "tpep_dropoff_datetime"}
r	{"filters": [{"attr": "tpep_pickup_datetime", "op": "range", "lo": 1746091533, "hi": 4102444800}, {"attr": "tpep_dropoff_datetime", "op": "range", "lo": 0, "hi": 1746113865}], "most_selective_attr": "tpep_pickup_datetime"}
r	{"filters": [{"attr": "tpep_pickup_datetime", "op": "range", "lo": 1746142661, "hi": 4102444800}, {"attr": "tpep_dropoff_datetime", "op": "range", "lo": 0, "hi": 1746187520}], "most_selective_attr": "tpep_pickup_datetime"}
r	{"filters": [{"attr": "tpep_pickup_datetime", "op": "range", "lo": 1710453597, "hi": 4102444800}, {"attr": "tpep_dropoff_datetime", "op": "range", "lo": 0, "hi": 1710498206}], "most_selective_attr": "tpep_dropoff_datetime"}
r	{"filters": [{"attr": "tpep_pickup_datetime", "op": "range", "lo": 1716651605, "hi": 4102444800}, {"attr": "tpep_dropoff_datetime", "op": "range", "lo": 0, "hi": 1716680463}], "most_selective_attr": "tpep_dropoff_datetime"}
r	{"filters": [{"attr": "tpep_pickup_datetime", "op": "range", "lo": 1738221396, "hi": 4102444800}, {"attr": "tpep_dropoff_datetime", "op": "range", "lo": 0, "hi": 1738246792}], "most_selective_attr": "tpep_dropoff_datetime"}
r	{"filters": [{"attr": "tpep_pickup_datetime", "op": "range", "lo": 1748722000, "hi": 4102444800}, {"attr": "tpep_dropoff_datetime", "op": "range", "lo": 0, "hi": 1748738079}], "most_selective_attr": "tpep_pickup_datetime"}
r	{"filters": [{"attr": "tpep_pickup_datetime", "op": "range", "lo": 1711732549, "hi": 4102444800}, {"attr": "tpep_dropoff_datetime", "op": "range", "lo": 0, "hi": 1711752461}], "most_selective_attr": "tpep_dropoff_datetime"}
r	{"filters": [{"attr": "tpep_pickup_datetime", "op": "range", "lo": 1725628869, "hi": 4102444800}, {"attr": "tpep_dropoff_datetime", "op": "range", "lo": 0, "hi": 1725648159}], "most_selective_attr": "tpep_dropoff_datetime"}
r	{"filters": [{"attr": "tpep_pickup_datetime", "op": "range", "lo": 1762982466, "hi": 4102444800}, {"attr": "tpep_dropoff_datetime", "op": "range", "lo": 0, "hi": 1763025065}], "most_selective_attr": "tpep_pickup_datetime"}
r	{"filters": [{"attr": "tpep_pickup_datetime", "op": "range", "lo": 1745236805, "hi": 4102444800}, {"attr": "tpep_dropoff_datetime", "op": "range", "lo": 0, "hi": 1745259379}], "most_selective_attr": "tpep_pickup_datetime"}
r	{"filters": [{"attr": "tpep_pickup_datetime", "op": "range", "lo": 1743926146, "hi": 4102444800}, {"attr": "tpep_dropoff_datetime", "op": "range", "lo": 0, "hi": 1743953108}], "most_selective_attr": "tpep_pickup_datetime"}
r	{"filters": [{"attr": "tpep_pickup_datetime", "op": "range", "lo": 1733076853, "hi": 4102444800}, {"attr": "tpep_dropoff_datetime", "op": "range", "lo": 0, "hi": 1733132055}], "most_selective_attr": "tpep_dropoff_datetime"}
r	{"filters": [{"attr": "tpep_pickup_datetime", "op": "range", "lo": 1737460969, "hi": 4102444800}, {"attr": "tpep_dropoff_datetime", "op": "range", "lo": 0, "hi": 1737483586}], "most_selective_attr": "tpep_dropoff_datetime"}
r	{"filters": [{"attr": "tpep_pickup_datetime", "op": "range", "lo": 1723663414, "hi": 4102444800}, {"attr": "tpep_dropoff_datetime", "op": "range", "lo": 0, "hi": 1723715110}], "most_selective_attr": "tpep_dropoff_datetime"}
r	{"filters": [{"attr": "tpep_pickup_datetime", "op": "range", "lo": 1737726677, "hi": 4102444800}, {"attr": "tpep_dropoff_datetime", "op": "range", "lo": 0, "hi": 1737745381}], "most_selective_attr": "tpep_dropoff_datetime"}
r	{"filters": [{"attr": "tpep_pickup_datetime", "op": "range", "lo": 1715475074, "hi": 4102444800}, {"attr": "tpep_dropoff_datetime", "op": "range", "lo": 0, "hi": 1715519887}], "most_selective_attr": "tpep_dropoff_datetime"}
r	{"filters": [{"attr": "tpep_pickup_datetime", "op": "range", "lo": 1742829197, "hi": 4102444800}, {"attr": "tpep_dropoff_datetime", "op": "range", "lo": 0, "hi": 1742852376}], "most_selective_attr": "tpep_pickup_datetime"}
r	{"filters": [{"attr": "tpep_pickup_datetime", "op": "range", "lo": 1764623268, "hi": 4102444800}, {"attr": "tpep_dropoff_datetime", "op": "range", "lo": 0, "hi": 1764669593}], "most_selective_attr": "tpep_pickup_datetime"}
r	{"filters": [{"attr": "tpep_pickup_datetime", "op": "range", "lo": 1727565859, "hi": 4102444800}, {"attr": "tpep_dropoff_datetime", "op": "range", "lo": 0, "hi": 1727607415}], "most_selective_attr": "tpep_dropoff_datetime"}
r	{"filters": [{"attr": "tpep_pickup_datetime", "op": "range", "lo": 1724405411, "hi": 4102444800}, {"attr": "tpep_dropoff_datetime", "op": "range", "lo": 0, "hi": 1724435660}], "most_selective_attr": "tpep_dropoff_datetime"}
r	{"filters": [{"attr": "tpep_pickup_datetime", "op": "range", "lo": 1705857383, "hi": 4102444800}, {"attr": "tpep_dropoff_datetime", "op": "range", "lo": 0, "hi": 1705918473}], "most_selective_attr": "tpep_dropoff_datetime"}
r	{"filters": [{"attr": "tpep_pickup_datetime", "op": "range", "lo": 1741166513, "hi": 4102444800}, {"attr": "tpep_dropoff_datetime", "op": "range", "lo": 0, "hi": 1741190906}], "most_selective_attr": "tpep_pickup_datetime"}
r	{"filters": [{"attr": "tpep_pickup_datetime", "op": "range", "lo": 1726610426, "hi": 4102444800}, {"attr": "tpep_dropoff_datetime", "op": "range", "lo": 0, "hi": 1726658001}], "most_selective_attr": "tpep_dropoff_datetime"}
r	{"filters": [{"attr": "tpep_pickup_datetime", "op": "range", "lo": 1712089600, "hi": 4102444800}, {"attr": "tpep_dropoff_datetime", "op": "range", "lo": 0, "hi": 1712135289}], "most_selective_attr": "tpep_dropoff_datetime"}
r	{"filters": [{"attr": "tpep_pickup_datetime", "op": "range", "lo": 1721237007, "hi": 4102444800}, {"attr": "tpep_dropoff_datetime", "op": "range", "lo": 0, "hi": 1721254500}], "most_selective_attr": "tpep_dropoff_datetime"}
r	{"filters": [{"attr": "tpep_pickup_datetime", "op": "range", "lo": 1747697289, "hi": 4102444800}, {"attr": "tpep_dropoff_datetime", "op": "range", "lo": 0, "hi": 1747742983}], "most_selective_attr": "tpep_pickup_datetime"}
r	{"filters": [{"attr": "tpep_pickup_datetime", "op": "range", "lo": 1726903277, "hi": 4102444800}, {"attr": "tpep_dropoff_datetime", "op": "range", "lo": 0, "hi": 1726933409}], "most_selective_attr": "tpep_dropoff_datetime"}
r	{"filters": [{"attr": "tpep_pickup_datetime", "op": "range", "lo": 1712057826, "hi": 4102444800}, {"attr": "tpep_dropoff_datetime", "op": "range", "lo": 0, "hi": 1712078752}], "most_selective_attr": "tpep_dropoff_datetime"}
r	{"filters": [{"attr": "tpep_pickup_datetime", "op": "range", "lo": 1720709705, "hi": 4102444800}, {"attr": "tpep_dropoff_datetime", "op": "range", "lo": 0, "hi": 1720730004}], "most_selective_attr": "tpep_dropoff_datetime"}
r	{"filters": [{"attr": "tpep_pickup_datetime", "op": "range", "lo": 1707072094, "hi": 4102444800}, {"attr": "tpep_dropoff_datetime", "op": "range", "lo": 0, "hi": 1707133540}], "most_selective_attr": "tpep_dropoff_datetime"}
r	{"filters": [{"attr": "tpep_pickup_datetime", "op": "range", "lo": 1726252491, "hi": 4102444800}, {"attr": "tpep_dropoff_datetime", "op": "range", "lo": 0, "hi": 1726271641}], "most_selective_attr": "tpep_dropoff_datetime"}
r	{"filters": [{"attr": "tpep_pickup_datetime", "op": "range", "lo": 1757810253, "hi": 4102444800}, {"attr": "tpep_dropoff_datetime", "op": "range", "lo": 0, "hi": 1757847557}], "most_selective_attr": "tpep_pickup_datetime"}
r	{"filters": [{"attr": "tpep_pickup_datetime", "op": "range", "lo": 1718215868, "hi": 4102444800}, {"attr": "tpep_dropoff_datetime", "op": "range", "lo": 0, "hi": 1718235525}], "most_selective_attr": "tpep_dropoff_datetime"}
r	{"filters": [{"attr": "tpep_pickup_datetime", "op": "range", "lo": 1764585805, "hi": 4102444800}, {"attr": "tpep_dropoff_datetime", "op": "range", "lo": 0, "hi": 1764608036}], "most_selective_attr": "tpep_pickup_datetime"}
r	{"filters": [{"attr": "tpep_pickup_datetime", "op": "range", "lo": 1761940861, "hi": 4102444800}, {"attr": "tpep_dropoff_datetime", "op": "range", "lo": 0, "hi": 1761955980}], "most_selective_attr": "tpep_pickup_datetime"}
r	{"filters": [{"attr": "tpep_pickup_datetime", "op": "range", "lo": 1722109825, "hi": 4102444800}, {"attr": "tpep_dropoff_datetime", "op": "range", "lo": 0, "hi": 1722157377}], "most_selective_attr": "tpep_dropoff_datetime"}
r	{"filters": [{"attr": "tpep_pickup_datetime", "op": "range", "lo": 1740602967, "hi": 4102444800}, {"attr": "tpep_dropoff_datetime", "op": "range", "lo": 0, "hi": 1740646225}], "most_selective_attr": "tpep_pickup_datetime"}
r	{"filters": [{"attr": "tpep_pickup_datetime", "op": "range", "lo": 1707646147, "hi": 4102444800}, {"attr": "tpep_dropoff_datetime", "op": "range", "lo": 0, "hi": 1707674315}], "most_selective_attr": "tpep_dropoff_datetime"}
r	{"filters": [{"attr": "tpep_pickup_datetime", "op": "range", "lo": 1714902849, "hi": 4102444800}, {"attr": "tpep_dropoff_datetime", "op": "range", "lo": 0, "hi": 1714924494}], "most_selective_attr": "tpep_dropoff_datetime"}
r	{"filters": [{"attr": "tpep_pickup_datetime", "op": "range", "lo": 1761220849, "hi": 4102444800}, {"attr": "tpep_dropoff_datetime", "op": "range", "lo": 0, "hi": 1761240144}], "most_selective_attr": "tpep_pickup_datetime"}
r	{"filters": [{"attr": "tpep_pickup_datetime", "op": "range", "lo": 1719589219, "hi": 4102444800}, {"attr": "tpep_dropoff_datetime", "op": "range", "lo": 0, "hi": 1719612830}], "most_selective_attr": "tpep_dropoff_datetime"}
r	{"filters": [{"attr": "tpep_pickup_datetime", "op": "range", "lo": 1761307066, "hi": 4102444800}, {"attr": "tpep_dropoff_datetime", "op": "range", "lo": 0, "hi": 1761326791}], "most_selective_attr": "tpep_pickup_datetime"}
r	{"filters": [{"attr": "tpep_pickup_datetime", "op": "range", "lo": 1754160742, "hi": 4102444800}, {"attr": "tpep_dropoff_datetime", "op": "range", "lo": 0, "hi": 1754181853}], "most_selective_attr": "tpep_pickup_datetime"}
r	{"filters": [{"attr": "tpep_pickup_datetime", "op": "range", "lo": 1732459088, "hi": 4102444800}, {"attr": "tpep_dropoff_datetime", "op": "range", "lo": 0, "hi": 1732484214}], "most_selective_attr": "tpep_dropoff_datetime"}
r	{"filters": [{"attr": "tpep_pickup_datetime", "op": "range", "lo": 1730235923, "hi": 4102444800}, {"attr": "tpep_dropoff_datetime", "op": "range", "lo": 0, "hi": 1730281292}], "most_selective_attr": "tpep_dropoff_datetime"}
r	{"filters": [{"attr": "tpep_pickup_datetime", "op": "range", "lo": 1730597069, "hi": 4102444800}, {"attr": "tpep_dropoff_datetime", "op": "range", "lo": 0, "hi": 1730640788}], "most_selective_attr": "tpep_dropoff_datetime"}
r	{"filters": [{"attr": "tpep_pickup_datetime", "op": "range", "lo": 1722615538, "hi": 4102444800}, {"attr": "tpep_dropoff_datetime", "op": "range", "lo": 0, "hi": 1722636796}], "most_selective_attr": "tpep_dropoff_datetime"}
r	{"filters": [{"attr": "tpep_pickup_datetime", "op": "range", "lo": 1706684276, "hi": 4102444800}, {"attr": "tpep_dropoff_datetime", "op": "range", "lo": 0, "hi": 1706713897}], "most_selective_attr": "tpep_dropoff_datetime"}
r	{"filters": [{"attr": "tpep_pickup_datetime", "op": "range", "lo": 1712963799, "hi": 4102444800}, {"attr": "tpep_dropoff_datetime", "op": "range", "lo": 0, "hi": 1713007534}], "most_selective_attr": "tpep_dropoff_datetime"}
r	{"filters": [{"attr": "tpep_pickup_datetime", "op": "range", "lo": 1752678362, "hi": 4102444800}, {"attr": "tpep_dropoff_datetime", "op": "range", "lo": 0, "hi": 1752695072}], "most_selective_attr": "tpep_pickup_datetime"}
r	{"filters": [{"attr": "tpep_pickup_datetime", "op": "range", "lo": 1716639925, "hi": 4102444800}, {"attr": "tpep_dropoff_datetime", "op": "range", "lo": 0, "hi": 1716668379}], "most_selective_attr": "tpep_dropoff_datetime"}
r	{"filters": [{"attr": "tpep_pickup_datetime", "op": "range", "lo": 1707621035, "hi": 4102444800}, {"attr": "tpep_dropoff_datetime", "op": "range", "lo": 0, "hi": 1707668713}], "most_selective_attr": "tpep_dropoff_datetime"}
r	{"filters": [{"attr": "tpep_pickup_datetime", "op": "range", "lo": 1717793771, "hi": 4102444800}, {"attr": "tpep_dropoff_datetime", "op": "range", "lo": 0, "hi": 1717820835}], "most_selective_attr": "tpep_dropoff_datetime"}
r	{"filters": [{"attr": "tpep_pickup_datetime", "op": "range", "lo": 1726876329, "hi": 4102444800}, {"attr": "tpep_dropoff_datetime", "op": "range", "lo": 0, "hi": 1726920929}], "most_selective_attr": "tpep_dropoff_datetime"}
r	{"filters": [{"attr": "tpep_pickup_datetime", "op": "range", "lo": 1765501800, "hi": 4102444800}, {"attr": "tpep_dropoff_datetime", "op": "range", "lo": 0, "hi": 1765539217}], "most_selective_attr": "tpep_pickup_datetime"}
r	{"filters": [{"attr": "tpep_pickup_datetime", "op": "range", "lo": 1763481164, "hi": 4102444800}, {"attr": "tpep_dropoff_datetime", "op": "range", "lo": 0, "hi": 1763497569}], "most_selective_attr": "tpep_pickup_datetime"}
r	{"filters": [{"attr": "tpep_pickup_datetime", "op": "range", "lo": 1705251436, "hi": 4102444800}, {"attr": "tpep_dropoff_datetime", "op": "range", "lo": 0, "hi": 1705304668}], "most_selective_attr": "tpep_dropoff_datetime"}
r	{"filters": [{"attr": "tpep_pickup_datetime", "op": "range", "lo": 1705588827, "hi": 4102444800}, {"attr": "tpep_dropoff_datetime", "op": "range", "lo": 0, "hi": 1705609758}], "most_selective_attr": "tpep_dropoff_datetime"}
r	{"filters": [{"attr": "tpep_pickup_datetime", "op": "range", "lo": 1748720453, "hi": 4102444800}, {"attr": "tpep_dropoff_datetime", "op": "range", "lo": 0, "hi": 1748736749}], "most_selective_attr": "tpep_pickup_datetime"}
r	{"filters": [{"attr": "tpep_pickup_datetime", "op": "range", "lo": 1763117350, "hi": 4102444800}, {"attr": "tpep_dropoff_datetime", "op": "range", "lo": 0, "hi": 1763138180}], "most_selective_attr": "tpep_pickup_datetime"}
r	{"filters": [{"attr": "tpep_pickup_datetime", "op": "range", "lo": 1749594381, "hi": 4102444800}, {"attr": "tpep_dropoff_datetime", "op": "range", "lo": 0, "hi": 1749639134}], "most_selective_attr": "tpep_pickup_datetime"}
r	{"filters": [{"attr": "tpep_pickup_datetime", "op": "range", "lo": 1759706552, "hi": 4102444800}, {"attr": "tpep_dropoff_datetime", "op": "range", "lo": 0, "hi": 1759754039}], "most_selective_attr": "tpep_pickup_datetime"}
r	{"filters": [{"attr": "tpep_pickup_datetime", "op": "range", "lo": 1756329405, "hi": 4102444800}, {"attr": "tpep_dropoff_datetime", "op": "range", "lo": 0, "hi": 1756377353}], "most_selective_attr": "tpep_pickup_datetime"}
r	{"filters": [{"attr": "tpep_pickup_datetime", "op": "range", "lo": 1757630412, "hi": 4102444800}, {"attr": "tpep_dropoff_datetime", "op": "range", "lo": 0, "hi": 1757671442}], "most_selective_attr": "tpep_pickup_datetime"}
r	{"filters": [{"attr": "tpep_pickup_datetime", "op": "range", "lo": 1713523158, "hi": 4102444800}, {"attr": "tpep_dropoff_datetime", "op": "range", "lo": 0, "hi": 1713547037}], "most_selective_attr": "tpep_dropoff_datetime"}
r	{"filters": [{"attr": "tpep_pickup_datetime", "op": "range", "lo": 1710244811, "hi": 4102444800}, {"attr": "tpep_dropoff_datetime", "op": "range", "lo": 0, "hi": 1710268688}], "most_selective_attr": "tpep_dropoff_datetime"}
r	{"filters": [{"attr": "tpep_pickup_datetime", "op": "range", "lo": 1731717716, "hi": 4102444800}, {"attr": "tpep_dropoff_datetime", "op": "range", "lo": 0, "hi": 1731759570}], "most_selective_attr": "tpep_dropoff_datetime"}
r	{"filters": [{"attr": "tpep_pickup_datetime", "op": "range", "lo": 1739060595, "hi": 4102444800}, {"attr": "tpep_dropoff_datetime", "op": "range", "lo": 0, "hi": 1739103150}], "most_selective_attr": "tpep_pickup_datetime"}
r	{"filters": [{"attr": "tpep_pickup_datetime", "op": "range", "lo": 1747868049, "hi": 4102444800}, {"attr": "tpep_dropoff_datetime", "op": "range", "lo": 0, "hi": 1747908156}], "most_selective_attr": "tpep_pickup_datetime"}
r	{"filters": [{"attr": "tpep_pickup_datetime", "op": "range", "lo": 1764955615, "hi": 4102444800}, {"attr": "tpep_dropoff_datetime", "op": "range", "lo": 0, "hi": 1764970411}], "most_selective_attr": "tpep_pickup_datetime"}
r	{"filters": [{"attr": "tpep_pickup_datetime", "op": "range", "lo": 1762971932, "hi": 4102444800}, {"attr": "tpep_dropoff_datetime", "op": "range", "lo": 0, "hi": 1762988582}], "most_selective_attr": "tpep_pickup_datetime"}
r	{"filters": [{"attr": "tpep_pickup_datetime", "op": "range", "lo": 1714690286, "hi": 4102444800}, {"attr": "tpep_dropoff_datetime", "op": "range", "lo": 0, "hi": 1714736772}], "most_selective_attr": "tpep_dropoff_datetime"}
r	{"filters": [{"attr": "tpep_pickup_datetime", "op": "range", "lo": 1746432530, "hi": 4102444800}, {"attr": "tpep_dropoff_datetime", "op": "range", "lo": 0, "hi": 1746455780}], "most_selective_attr": "tpep_pickup_datetime"}
r	{"filters": [{"attr": "tpep_pickup_datetime", "op": "range", "lo": 1752780713, "hi": 4102444800}, {"attr": "tpep_dropoff_datetime", "op": "range", "lo": 0, "hi": 1752798814}], "most_selective_attr": "tpep_pickup_datetime"}
r	{"filters": [{"attr": "tpep_pickup_datetime", "op": "range", "lo": 1733155689, "hi": 4102444800}, {"attr": "tpep_dropoff_datetime", "op": "range", "lo": 0, "hi": 1733177112}], "most_selective_attr": "tpep_dropoff_datetime"}
r	{"filters": [{"attr": "tpep_pickup_datetime", "op": "range", "lo": 1716832552, "hi": 4102444800}, {"attr": "tpep_dropoff_datetime", "op": "range", "lo": 0, "hi": 1716892092}], "most_selective_attr": "tpep_dropoff_datetime"}
r	{"filters": [{"attr": "tpep_pickup_datetime", "op": "range", "lo": 1763398966, "hi": 4102444800}, {"attr": "tpep_dropoff_datetime", "op": "range", "lo": 0, "hi": 1763417788}], "most_selective_attr": "tpep_pickup_datetime"}
r	{"filters": [{"attr": "tpep_pickup_datetime", "op": "range", "lo": 1746448845, "hi": 4102444800}, {"attr": "tpep_dropoff_datetime", "op": "range", "lo": 0, "hi": 1746467293}], "most_selective_attr": "tpep_pickup_datetime"}
r	{"filters": [{"attr": "tpep_pickup_datetime", "op": "range", "lo": 1755030456, "hi": 4102444800}, {"attr": "tpep_dropoff_datetime", "op": "range", "lo": 0, "hi": 1755078025}], "most_selective_attr": "tpep_pickup_datetime"}
r	{"filters": [{"attr": "tpep_pickup_datetime", "op": "range", "lo": 1724691281, "hi": 4102444800}, {"attr": "tpep_dropoff_datetime", "op": "range", "lo": 0, "hi": 1724745320}], "most_selective_attr": "tpep_dropoff_datetime"}
r	{"filters": [{"attr": "tpep_pickup_datetime", "op": "range", "lo": 1757798931, "hi": 4102444800}, {"attr": "tpep_dropoff_datetime", "op": "range", "lo": 0, "hi": 1757815561}], "most_selective_attr": "tpep_pickup_datetime"}
r	{"filters": [{"attr": "tpep_pickup_datetime", "op": "range", "lo": 1727770496, "hi": 4102444800}, {"attr": "tpep_dropoff_datetime", "op": "range", "lo": 0, "hi": 1727796601}], "most_selective_attr": "tpep_dropoff_datetime"}
r	{"filters": [{"attr": "tpep_pickup_datetime", "op": "range", "lo": 1740467401, "hi": 4102444800}, {"attr": "tpep_dropoff_datetime", "op": "range", "lo": 0, "hi": 1740494990}], "most_selective_attr": "tpep_pickup_datetime"}
r	{"filters": [{"attr": "tpep_pickup_datetime", "op": "range", "lo": 1753040214, "hi": 4102444800}, {"attr": "tpep_dropoff_datetime", "op": "range", "lo": 0, "hi": 1753089655}], "most_selective_attr": "tpep_pickup_datetime"}
r	{"filters": [{"attr": "tpep_pickup_datetime", "op": "range", "lo": 1744648967, "hi": 4102444800}, {"attr": "tpep_dropoff_datetime", "op": "range", "lo": 0, "hi": 1744678100}], "most_selective_attr": "tpep_pickup_datetime"}
r	{"filters": [{"attr": "tpep_pickup_datetime", "op": "range", "lo": 1763058594, "hi": 4102444800}, {"attr": "tpep_dropoff_datetime", "op": "range", "lo": 0, "hi": 1763073728}], "most_selective_attr": "tpep_pickup_datetime"}
r	{"filters": [{"attr": "tpep_pickup_datetime", "op": "range", "lo": 1733528546, "hi": 4102444800}, {"attr": "tpep_dropoff_datetime", "op": "range", "lo": 0, "hi": 1733571680}], "most_selective_attr": "tpep_dropoff_datetime"}
