r	{"filters": [{"attr": "tpep_pickup_datetime", "op": "range", "lo": 1754320604, "hi": 4102444800}, {"attr": "tpep_dropoff_datetime", "op": "range", "lo": 0, "hi": 1754750883}], "most_selective_attr": "tpep_pickup_datetime"}
r	{"filters": [{"attr": "tpep_pickup_datetime", "op": "range", "lo": 1713657889, "hi": 4102444800}, {"attr": "tpep_dropoff_datetime", "op": "range", "lo": 0, "hi": 1714226437}], "most_selective_attr": "tpep_dropoff_datetime"}
r	{"filters": [{"attr": "tpep_pickup_datetime", "op": "range", "lo": 1740516838, "hi": 4102444800}, {"attr": "tpep_dropoff_datetime", "op": "range", "lo": 0, "hi": 1740997028}], "most_selective_attr": "tpep_pickup_datetime"}
r	{"filters": [{"attr": "tpep_pickup_datetime", "op": "range", "lo": 1739347767, "hi": 4102444800}, {"attr": "tpep_dropoff_datetime", "op": "range", "lo": 0, "hi": 1739555851}], "most_selective_attr": "tpep_pickup_datetime"}
r	{"filters": [{"attr": "tpep_pickup_datetime", "op": "range", "lo": 1758906312, "hi": 4102444800}, {"attr": "tpep_dropoff_datetime", "op": "range", "lo": 0, "hi": 1759436012}], "most_selective_attr": "tpep_pickup_datetime"}
r	{"filters": [{"attr": "tpep_pickup_datetime", "op": "range", "lo": 1735761055, "hi": 4102444800}, {"attr": "tpep_dropoff_datetime", "op": "range", "lo": 0, "hi": 1736458446}], "most_selective_attr": "tpep_dropoff_datetime"}
r	{"filters": [{"attr": "tpep_pickup_datetime", "op": "range", "lo": 1730751019, "hi": 4102444800}, {"attr": "tpep_dropoff_datetime", "op": "range", "lo": 0, "hi": 1731271771}], "most_selective_attr": "tpep_dropoff_datetime"}
r	{"filters": [{"attr": "tpep_pickup_datetime", "op": "range", "lo": 1746483864, "hi": 4102444800}, {"attr": "tpep_dropoff_datetime", "op": "range", "lo": 0, "hi": 1746841890}], "most_selective_attr": "tpep_pickup_datetime"}
r	{"filters": [{"attr": "tpep_pickup_datetime", "op": "range", "lo": 1722867645, "hi": 4102444800}, {"attr": "tpep_dropoff_datetime", "op": "range", "lo": 0, "hi": 1723102188}], "most_selective_attr": "tpep_dropoff_datetime"}
r	{"filters": [{"attr": "tpep_pickup_datetime", "op": "range", "lo": 1714120699, "hi": 4102444800}, {"attr": "tpep_dropoff_datetime", "op": "range", "lo": 0, "hi": 1714222685}], "most_selective_attr": "tpep_dropoff_datetime"}
r	{"filters": [{"attr": "tpep_pickup_datetime", "op": "range", "lo": 1737029180, "hi": 4102444800}, {"attr": "tpep_dropoff_datetime", "op": "range", "lo": 0, "hi": 1737319266}], "most_selective_attr": "tpep_dropoff_datetime"}
r	{"filters": [{"attr": "tpep_pickup_datetime", "op": "range", "lo": 1732911652, "hi": 4102444800}, {"attr": "tpep_dropoff_datetime", "op": "range", "lo": 0, "hi": 1733125456}], "most_selective_attr": "tpep_dropoff_datetime"}
r	{"filters": [{"attr": "tpep_pickup_datetime", "op": "range", "lo": 1720289293, "hi": 4102444800}, {"attr": "tpep_dropoff_datetime", "op": "range", "lo": 0, "hi": 1720791308}], "most_selective_attr": "tpep_dropoff_datetime"}
r	{"filters": [{"attr": "tpep_pickup_datetime", "op": "range", "lo": 1729795018, "hi": 4102444800}, {"attr": "tpep_dropoff_datetime", "op": "range", "lo": 0, "hi": 1730018339}], "most_selective_attr": "tpep_dropoff_datetime"}
r	{"filters": [{"attr": "tpep_pickup_datetime", "op": "range", "lo": 1729701179, "hi": 4102444800}, {"attr": "tpep_dropoff_datetime", "op": "range", "lo": 0, "hi": 1729995400}], "most_selective_attr": "tpep_dropoff_datetime"}
r	{"filters": [{"attr": "tpep_pickup_datetime", "op": "range", "lo": 1727195195, "hi": 4102444800}, {"attr": "tpep_dropoff_datetime", "op": "range", "lo": 0, "hi": 1727639706}], "most_selective_attr": "tpep_dropoff_datetime"}
r	{"filters": [{"attr": "tpep_pickup_datetime", "op": "range", "lo": 1730483648, "hi": 4102444800}, {"attr": "tpep_dropoff_datetime", "op": "range", "lo": 0, "hi": 1730809553}], "most_selective_attr": "tpep_dropoff_datetime"}
r	{"filters": [{"attr": "tpep_pickup_datetime", "op": "range", "lo": 1749084275, "hi": 4102444800}, {"attr": "tpep_dropoff_datetime", "op": "range", "lo": 0, "hi": 1749219102}], "most_selective_attr": "tpep_pickup_datetime"}
r	{"filters": [{"attr": "tpep_pickup_datetime", "op": "range", "lo": 1725373757, "hi": 4102444800}, {"attr": "tpep_dropoff_datetime", "op": "range", "lo": 0, "hi": 1725568643}], "most_selective_attr": "tpep_dropoff_datetime"}
r	{"filters": [{"attr": "tpep_pickup_datetime", "op": "range", "lo": 1763836541, "hi": 4102444800}, {"attr": "tpep_dropoff_datetime", "op": "range", "lo": 0, "hi": 1764355918}], "most_selective_attr": "tpep_pickup_datetime"}
r	{"filters": [{"attr": "tpep_pickup_datetime", "op": "range", "lo": 1762177873, "hi": 4102444800}, {"attr": "tpep_dropoff_datetime", "op": "range", "lo": 0, "hi": 1762549571}], "most_selective_attr": "tpep_pickup_datetime"}
r	{"filters": [{"attr": "tpep_pickup_datetime", "op": "range", "lo": 1737086174, "hi": 4102444800}, {"attr": "tpep_dropoff_datetime", "op": "range", "lo": 0, "hi": 1737658015}], "most_selective_attr": "tpep_dropoff_datetime"}
r	{"filters": [{"attr": "tpep_pickup_datetime", "op": "range", "lo": 1727250192, "hi": 4102444800}, {"attr": "tpep_dropoff_datetime", "op": "range", "lo": 0, "hi": 1727723822}], "most_selective_attr": "tpep_dropoff_datetime"}
r	{"filters": [{"attr": "tpep_pickup_datetime", "op": "range", "lo": 1740594420, "hi": 4102444800}, {"attr": "tpep_dropoff_datetime", "op": "range", "lo": 0, "hi": 1740860731}], "most_selective_attr": "tpep_pickup_datetime"}
r	{"filters": [{"attr": "tpep_pickup_datetime", "op": "range", "lo": 1758394200, "hi": 4102444800}, {"attr": "tpep_dropoff_datetime", "op": "range", "lo": 0, "hi": 1758931157}], "most_selective_attr": "tpep_pickup_datetime"}
r	{"filters": [{"attr": "tpep_pickup_datetime", "op": "range", "lo": 1747225227, "hi": 4102444800}, {"attr": "tpep_dropoff_datetime", "op": "range", "lo": 0, "hi": 1747472935}], "most_selective_attr": "tpep_pickup_datetime"}
r	{"filters": [{"attr": "tpep_pickup_datetime", "op": "range", "lo": 1756225130, "hi": 4102444800}, {"attr": "tpep_dropoff_datetime", "op": "range", "lo": 0, "hi": 1756410504}], "most_selective_attr": "tpep_pickup_datetime"}
r	{"filters": [{"attr": "tpep_pickup_datetime", "op": "range", "lo": 1740386862, "hi": 4102444800}, {"attr": "tpep_dropoff_datetime", "op": "range", "lo": 0, "hi": 1740757227}], "most_selective_attr": "tpep_pickup_datetime"}
r	{"filters": [{"attr": "tpep_pickup_datetime", "op": "range", "lo": 1746125899, "hi": 4102444800}, {"attr": "tpep_dropoff_datetime", "op": "range", "lo": 0, "hi": 1746544581}], "most_selective_attr": "tpep_pickup_datetime"}
r	{"filters": [{"attr": "tpep_pickup_datetime", "op": "range", "lo": 1724684682, "hi": 4102444800}, {"attr": "tpep_dropoff_datetime", "op": "range", "lo": 0, "hi": 1724831988}], "most_selective_attr": "tpep_dropoff_datetime"}
r	{"filters": [{"attr": "tpep_pickup_datetime", "op": "range", "lo": 1751872392, "hi": 4102444800}, {"attr": "tpep_dropoff_datetime", "op": "range", "lo": 0, "hi": 1752040997}], "most_selective_attr": "tpep_pickup_datetime"}
r	{"filters": [{"attr": "tpep_pickup_datetime", "op": "range", "lo": 1718193205, "hi": 4102444800}, {"attr": "tpep_dropoff_datetime", "op": "range", "lo": 0, "hi": 1718276566}], "most_selective_attr": "tpep_dropoff_datetime"}
r	{"filters": [{"attr": "tpep_pickup_datetime", "op": "range", "lo": 1749395967, "hi": 4102444800}, {"attr": "tpep_dropoff_datetime", "op": "range", "lo": 0, "hi": 1749747475}], "most_selective_attr": "tpep_pickup_datetime"}
r	{"filters": [{"attr": "tpep_pickup_datetime", "op": "range", "lo": 1759262047, "hi": 4102444800}, {"attr": "tpep_dropoff_datetime", "op": "range", "lo": 0, "hi": 1759583624}], "most_selective_attr": "tpep_pickup_datetime"}
r	{"filters": [{"attr": "tpep_pickup_datetime", "op": "range", "lo": 1713515222, "hi": 4102444800}, {"attr": "tpep_dropoff_datetime", "op": "range", "lo": 0, "hi": 1714153589}], "most_selective_attr": "tpep_dropoff_datetime"}
r	{"filters": [{"attr": "tpep_pickup_datetime", "op": "range", "lo": 1744997413, "hi": 4102444800}, {"attr": "tpep_dropoff_datetime", "op": "range", "lo": 0, "hi": 1745585374}], "most_selective_attr": "tpep_pickup_datetime"}
r	{"filters": [{"attr": "tpep_pickup_datetime", "op": "range", "lo": 1711128646, "hi": 4102444800}, {"attr": "tpep_dropoff_datetime", "op": "range", "lo": 0, "hi": 1711602934}], "most_selective_attr": "tpep_dropoff_datetime"}
r	{"filters": [{"attr": "tpep_pickup_datetime", "op": "range", "lo": 1751042158, "hi": 4102444800}, {"attr": "tpep_dropoff_datetime", "op": "range", "lo": 0, "hi": 1751444285}], "most_selective_attr": "tpep_pickup_datetime"}
r	{"filters": [{"attr": "tpep_pickup_datetime", "op": "range", "lo": 1710439588, "hi": 4102444800}, {"attr": "tpep_dropoff_datetime", "op": "range", "lo": 0, "hi": 1710858089}], "most_selective_attr": "tpep_dropoff_datetime"}
r	{"filters": [{"attr": "tpep_pickup_datetime", "op": "range", "lo": 1763284153, "hi": 4102444800}, {"attr": "tpep_dropoff_datetime", "op": "range", "lo": 0, "hi": 1763590171}], "most_selective_attr": "tpep_pickup_datetime"}
r	{"filters": [{"attr": "tpep_pickup_datetime", "op": "range", "lo": 1713893485, "hi": 4102444800}, {"attr": "tpep_dropoff_datetime", "op": "range", "lo": 0, "hi": 1714418196}], "most_selective_attr": "tpep_dropoff_datetime"}
r	{"filters": [{"attr": "tpep_pickup_datetime", "op": "range", "lo": 1764378043, "hi": 4102444800}, {"attr": "tpep_dropoff_datetime", "op": "range", "lo": 0, "hi": 1764935015}], "most_selective_attr": "tpep_pickup_datetime"}
r	{"filters": [{"attr": "tpep_pickup_datetime", "op": "range", "lo": 1755982442, "hi": 4102444800}, {"attr": "tpep_dropoff_datetime", "op": "range", "lo": 0, "hi": 1756159915}], "most_selective_attr": "tpep_pickup_datetime"}
r	{"filters": [{"attr": "tpep_pickup_datetime", "op": "range", "lo": 1743943971, "hi": 4102444800}, {"attr": "tpep_dropoff_datetime", "op": "range", "lo": 0, "hi": 1744228710}], "most_selective_attr": "tpep_pickup_datetime"}
r	{"filters": [{"attr": "tpep_pickup_datetime", "op": "range", "lo": 1754637611, "hi": 4102444800}, {"attr": "tpep_dropoff_datetime", "op": "range", "lo": 0, "hi": 1754998802}], "most_selective_attr": "tpep_pickup_datetime"}
r	{"filters": [{"attr": "tpep_pickup_datetime", "op": "range", "lo": 1755200910, "hi": 4102444800}, {"attr": "tpep_dropoff_datetime", "op": "range", "lo": 0, "hi": 1755881850}], "most_selective_attr": "tpep_pickup_datetime"}
r	{"filters": [{"attr": "tpep_pickup_datetime", "op": "range", "lo": 1763647743, "hi": 4102444800}, {"attr": "tpep_dropoff_datetime", "op": "range", "lo": 0, "hi": 1764162236}], "most_selective_attr": "tpep_pickup_datetime"}
r	{"filters": [{"attr": "tpep_pickup_datetime", "op": "range", "lo": 1721904605, "hi": 4102444800}, {"attr": "tpep_dropoff_datetime", "op": "range", "lo": 0, "hi": 1722022409}], "most_selective_attr": "tpep_dropoff_datetime"}
r	{"filters": [{"attr": "tpep_pickup_datetime", "op": "range", "lo": 1743666106, "hi": 4102444800}, {"attr": "tpep_dropoff_datetime", "op": "range", "lo": 0, "hi": 1744103917}], "most_selective_attr": "tpep_pickup_datetime"}
r	{"filters": [{"attr": "tpep_pickup_datetime", "op": "range", "lo": 1711147761, "hi": 4102444800}, {"attr": "tpep_dropoff_datetime", "op": "range", "lo": 0, "hi": 1711238603}], "most_selective_attr": "tpep_dropoff_datetime"}
r	{"filters": [{"attr": "tpep_pickup_datetime", "op": "range", "lo": 1745259573, "hi": 4102444800}, {"attr": "tpep_dropoff_datetime", "op": "range", "lo": 0, "hi": 1745596516}], "most_selective_attr": "tpep_pickup_datetime"}
r	{"filters": [{"attr": "tpep_pickup_datetime", "op": "range", "lo": 1716071269, "hi": 4102444800}, {"attr": "tpep_dropoff_datetime", "op": "range", "lo": 0, "hi": 1716242404}], "most_selective_attr": "tpep_dropoff_datetime"}
r	{"filters": [{"attr": "tpep_pickup_datetime", "op": "range", "lo": 1742389832, "hi": 4102444800}, {"attr": "tpep_dropoff_datetime", "op": "range", "lo": 0, "hi": 1742502009}], "most_selective_attr": "tpep_pickup_datetime"}
r	{"filters": [{"attr": "tpep_pickup_datetime", "op": "range", "lo": 1742845384, "hi": 4102444800}, {"attr": "tpep_dropoff_datetime", "op": "range", "lo": 0, "hi": 1742925792}], "most_selective_attr": "tpep_pickup_datetime"}
r	{"filters": [{"attr": "tpep_pickup_datetime", "op": "range", "lo": 1736184621, "hi": 4102444800}, {"attr": "tpep_dropoff_datetime", "op": "range", "lo": 0, "hi": 1736555421}], "most_selective_attr": "tpep_dropoff_datetime"}
r	{"filters": [{"attr": "tpep_pickup_datetime", "op": "range", "lo": 1739703319, "hi": 4102444800}, {"attr": "tpep_dropoff_datetime", "op": "range", "lo": 0, "hi": 1740162307}], "most_selective_attr": "tpep_pickup_datetime"}
r	{"filters": [{"attr": "tpep_pickup_datetime", "op": "range", "lo": 1753376384, "hi": 4102444800}, {"attr": "tpep_dropoff_datetime", "op": "range", "lo": 0, "hi": 1753816122}], "most_selective_attr": "tpep_pickup_datetime"}
r	{"filters": [{"attr": "tpep_pickup_datetime", "op": "range", "lo": 1755520768, "hi": 4102444800}, {"attr": "tpep_dropoff_datetime", "op": "range", "lo": 0, "hi": 1756144062}], "most_selective_attr": "tpep_pickup_datetime"}
r	{"filters": [{"attr": "tpep_pickup_datetime", "op": "range", "lo": 1737893117, "hi": 4102444800}, {"attr": "tpep_dropoff_datetime", "op": "range", "lo": 0, "hi": 1738275030}], "most_selective_attr": "tpep_dropoff_datetime"}
r	{"filters": [{"attr": "tpep_pickup_datetime", "op": "range", "lo": 1744357294, "hi": 4102444800}, {"attr": "tpep_dropoff_datetime", "op": "range", "lo": 0, "hi": 1744498588}], "most_selective_attr": "tpep_pickup_datetime"}
r	{"filters": [{"attr": "tpep_pickup_datetime", "op": "range", "lo": 1763216204, "hi": 4102444800}, {"attr": "tpep_dropoff_datetime", "op": "range", "lo": 0, "hi": 1763318462}], "most_selective_attr": "tpep_pickup_datetime"}
r	{"filters": [{"attr": "tpep_pickup_datetime", "op": "range", "lo": 1712745187, "hi": 4102444800}, {"attr": "tpep_dropoff_datetime", "op": "range", "lo": 0, "hi": 1713287916}], "most_selective_attr": "tpep_dropoff_datetime"}
r	{"filters": [{"attr": "tpep_pickup_datetime", "op": "range", "lo": 1712565654, "hi": 4102444800}, {"attr": "tpep_dropoff_datetime", "op": "range", "lo": 0, "hi": 1713053767}], "most_selective_attr": "tpep_dropoff_datetime"}
r	{"filters": [{"attr": "tpep_pickup_datetime", "op": "range", "lo": 1710618028, "hi": 4102444800}, {"attr": "tpep_dropoff_datetime", "op": "range", "lo": 0, "hi": 1711132005}], "most_selective_attr": "tpep_dropoff_datetime"}
r	{"filters": [{"attr": "tpep_pickup_datetime", "op": "range", "lo": 1747453515, "hi": 4102444800}, {"attr": "tpep_dropoff_datetime", "op": "range", "lo": 0, "hi": 1747747379}], "most_selective_attr": "tpep_pickup_datetime"}
r	{"filters": [{"attr": "tpep_pickup_datetime", "op": "range", "lo": 1732890107, "hi": 4102444800}, {"attr": "tpep_dropoff_datetime", "op": "range", "lo": 0, "hi": 1733406313}], "most_selective_attr": "tpep_dropoff_datetime"}
r	{"filters": [{"attr": "tpep_pickup_datetime", "op": "range", "lo": 1753899178, "hi": 4102444800}, {"attr": "tpep_dropoff_datetime", "op": "range", "lo": 0, "hi": 1754492831}], "most_selective_attr": "tpep_pickup_datetime"}
r	{"filters": [{"attr": "tpep_pickup_datetime", "op": "range", "lo": 1748281875, "hi": 4102444800}, {"attr": "tpep_dropoff_datetime", "op": "range", "lo": 0, "hi": 1748456913}], "most_selective_attr": "tpep_pickup_datetime"}
r	{"filters": [{"attr": "tpep_pickup_datetime", "op": "range", "lo": 1727552990, "hi": 4102444800}, {"attr": "tpep_dropoff_datetime", "op": "range", "lo": 0, "hi": 1728070095}], "most_selective_attr": "tpep_dropoff_datetime"}
r	{"filters": [{"attr": "tpep_pickup_datetime", "op": "range", "lo": 1761230771, "hi": 4102444800}, {"attr": "tpep_dropoff_datetime", "op": "range", "lo": 0, "hi": 1761649659}], "most_selective_attr": "tpep_pickup_datetime"}
r	{"filters": [{"attr": "tpep_pickup_datetime", "op": "range", "lo": 1753265888, "hi": 4102444800}, {"attr": "tpep_dropoff_datetime", "op": "range", "lo": 0, "hi": 1753743075}], "most_selective_attr": "tpep_pickup_datetime"}
r	{"filters": [{"attr": "tpep_pickup_datetime", "op": "range", "lo": 1723072502, "hi": 4102444800}, {"attr": "tpep_dropoff_datetime", "op": "range", "lo": 0, "hi": 1723649425}], "most_selective_attr": "tpep_dropoff_datetime"}
r	{"filters": [{"attr": "tpep_pickup_datetime", "op": "range", "lo": 1729499388, "hi": 4102444800}, {"attr": "tpep_dropoff_datetime", "op": "range", "lo": 0, "hi": 1729974713}], "most_selective_attr": "tpep_dropoff_datetime"}
r	{"filters": [{"attr": "tpep_pickup_datetime", "op": "range", "lo": 1726418804, "hi": 4102444800}, {"attr": "tpep_dropoff_datetime", "op": "range", "lo": 0, "hi": 1726776892}], "most_selective_attr": "tpep_dropoff_datetime"}
r	{"filters": [{"attr": "tpep_pickup_datetime", "op": "range", "lo": 1715266133, "hi": 4102444800}, {"attr": "tpep_dropoff_datetime", "op": "range", "lo": 0, "hi": 1715469569}], "most_selective_attr": "tpep_dropoff_datetime"}
r	{"filters": [{"attr": "tpep_pickup_datetime", "op": "range", "lo": 1714590921, "hi": 4102444800}, {"attr": "tpep_dropoff_datetime", "op": "range", "lo": 0, "hi": 1715196930}], "most_selective_attr": "tpep_dropoff_datetime"}
r	{"filters": [{"attr": "tpep_pickup_datetime", "op": "range", "lo": 1763498796, "hi": 4102444800}, {"attr": "tpep_dropoff_datetime", "op": "range", "lo": 0, "hi": 1763588179}], "most_selective_attr": "tpep_pickup_datetime"}
r	{"filters": [{"attr": "tpep_pickup_datetime", "op": "range", "lo": 1734087428, "hi": 4102444800}, {"attr": "tpep_dropoff_datetime", "op": "range", "lo": 0, "hi": 1734426244}], "most_selective_attr": "tpep_dropoff_datetime"}
r	{"filters": [{"attr": "tpep_pickup_datetime", "op": "range", "lo": 1730645005, "hi": 4102444800}, {"attr": "tpep_dropoff_datetime", "op": "range", "lo": 0, "hi": 1731160127}], "most_selective_attr": "tpep_dropoff_datetime"}
r	{"filters": [{"attr": "tpep_pickup_datetime", "op": "range", "lo": 1751475011, "hi": 4102444800}, {"attr": "tpep_dropoff_datetime", "op": "range", "lo": 0, "hi": 1751643853}], "most_selective_attr": "tpep_pickup_datetime"}
r	{"filters": [{"attr": "tpep_pickup_datetime", "op": "range", "lo": 1741688298, "hi": 4102444800}, {"attr": "tpep_dropoff_datetime", "op": "range", "lo": 0, "hi": 1741819501}], "most_selective_attr": "tpep_pickup_datetime"}
r	{"filters": [{"attr": "tpep_pickup_datetime", "op": "range", "lo": 1763123896, "hi": 4102444800}, {"attr": "tpep_dropoff_datetime", "op": "range", "lo": 0, "hi": 1763630060}], "most_selective_attr": "tpep_pickup_datetime"}
r	{"filters": [{"attr": "tpep_pickup_datetime", "op": "range", "lo": 1754514941, "hi": 4102444800}, {"attr": "tpep_dropoff_datetime", "op": "range", "lo": 0, "hi": 1754790408}], "most_selective_attr": "tpep_pickup_datetime"}
r	{"filters": [{"attr": "tpep_pickup_datetime", "op": "range", "lo": 1737055214, "hi": 4102444800}, {"attr": "tpep_dropoff_datetime", "op": "range", "lo": 0, "hi": 1737491208}], "most_selective_attr": "tpep_dropoff_datetime"}
r	{"filters": [{"attr": "tpep_pickup_datetime", "op": "range", "lo": 1730370116, "hi": 4102444800}, {"attr": "tpep_dropoff_datetime", "op": "range", "lo": 0, "hi": 1730489340}], "most_selective_attr": "tpep_dropoff_datetime"}
r	{"filters": [{"attr": "tpep_pickup_datetime", "op": "range", "lo": 1765907698, "hi": 4102444800}, {"attr": "tpep_dropoff_datetime", "op": "range", "lo": 0, "hi": 1766234883}], "most_selective_attr": "tpep_pickup_datetime"}
r	{"filters": [{"attr": "tpep_pickup_datetime", "op": "range", "lo": 1750848888, "hi": 4102444800}, {"attr": "tpep_dropoff_datetime", "op": "range", "lo": 0, "hi": 1750884369}], "most_selective_attr": "tpep_pickup_datetime"}
r	{"filters": [{"attr": "tpep_pickup_datetime", "op": "range", "lo": 1763934684, "hi": 4102444800}, {"attr": "tpep_dropoff_datetime", "op": "range", "lo": 0, "hi": 1764518692}], "most_selective_attr": "tpep_pickup_datetime"}
r	{"filters": [{"attr": "tpep_pickup_datetime", "op": "range", "lo": 1712685661, "hi": 4102444800}, {"attr": "tpep_dropoff_datetime", "op": "range", "lo": 0, "hi": 1712964728}], "most_selective_attr": "tpep_dropoff_datetime"}
r	{"filters": [{"attr": "tpep_pickup_datetime", "op": "range", "lo": 1758822164, "hi": 4102444800}, {"attr": "tpep_dropoff_datetime", "op": "range", "lo": 0, "hi": 1758992557}], "most_selective_attr": "tpep_pickup_datetime"}
r	{"filters": [{"attr": "tpep_pickup_datetime", "op": "range", "lo": 1746299667, "hi": 4102444800}, {"attr": "tpep_dropoff_datetime", "op": "range", "lo": 0, "hi": 1746768432}], "most_selective_attr": "tpep_pickup_datetime"}
r	{"filters": [{"attr": "tpep_pickup_datetime", "op": "range", "lo": 1712915584, "hi": 4102444800}, {"attr": "tpep_dropoff_datetime", "op": "range", "lo": 0, "hi": 1713033749}], "most_selective_attr": "tpep_dropoff_datetime"}
r	{"filters": [{"attr": "tpep_pickup_datetime", "op": "range", "lo": 1743622327, "hi": 4102444800}, {"attr": "tpep_dropoff_datetime", "op": "range", "lo": 0, "hi": 1743903224}], "most_selective_attr": "tpep_pickup_datetime"}
r	{"filters": [{"attr": "tpep_pickup_datetime", "op": "range", "lo": 1749149572, "hi": 4102444800}, {"attr": "tpep_dropoff_datetime", "op": "range", "lo": 0, "hi": 1749216322}], "most_selective_attr": "tpep_pickup_datetime"}
r	{"filters": [{"attr": "tpep_pickup_datetime", "op": "range", "lo": 1705117594, "hi": 4102444800}, {"attr": "tpep_dropoff_datetime", "op": "range", "lo": 0, "hi": 1705597440}], "most_selective_attr": "tpep_dropoff_datetime"}
r	{"filters": [{"attr": "tpep_pickup_datetime", "op": "range", "lo": 1735298194, "hi": 4102444800}, {"attr": "tpep_dropoff_datetime", "op": "range", "lo": 0, "hi": 1735459069}], "most_selective_attr": "tpep_dropoff_datetime"}
r	{"filters": [{"attr": "tpep_pickup_datetime", "op": "range", "lo": 1757281736, "hi": 4102444800}, {"attr": "tpep_dropoff_datetime", "op": "range", "lo": 0, "hi": 1757698041}], "most_selective_attr": "tpep_pickup_datetime"}
r	{"filters": [{"attr": "tpep_pickup_datetime", "op": "range", "lo": 1725195262, "hi": 4102444800}, {"attr": "tpep_dropoff_datetime", "op": "range", "lo": 0, "hi": 1725558897}], "most_selective_attr": "tpep_dropoff_datetime"}
r	{"filters": [{"attr": "tpep_pickup_datetime", "op": "range", "lo": 1735333742, "hi": 4102444800}, {"attr": "tpep_dropoff_datetime", "op": "range", "lo": 0, "hi": 1736206283}], "most_selective_attr": "tpep_dropoff_datetime"}
r	{"filters": [{"attr": "tpep_pickup_datetime", "op": "range", "lo": 1734369741, "hi": 4102444800}, {"attr": "tpep_dropoff_datetime", "op": "range", "lo": 0, "hi": 1734605404}], "most_selective_attr": "tpep_dropoff_datetime"}
r	{"filters": [{"attr": "tpep_pickup_datetime", "op": "range", "lo": 1725728346, "hi": 4102444800}, {"attr": "tpep_dropoff_datetime", "op": "range", "lo": 0, "hi": 1725799946}], "most_selective_attr": "tpep_dropoff_datetime"}
r	{"filters": [{"attr": "tpep_pickup_datetime", "op": "range", "lo": 1762366767, "hi": 4102444800}, {"attr": "tpep_dropoff_datetime", "op": "range", "lo": 0, "hi": 1762645528}], "most_selective_attr": "tpep_pickup_datetime"}
r	{"filters": [{"attr": "tpep_pickup_datetime", "op": "range", "lo": 1754416406, "hi": 4102444800}, {"attr": "tpep_dropoff_datetime", "op": "range", "lo": 0, "hi": 1754932686}], "most_selective_attr": "tpep_pickup_datetime"}
r	{"filters": [{"attr": "tpep_pickup_datetime", "op": "range", "lo": 1712172415, "hi": 4102444800}, {"attr": "tpep_dropoff_datetime", "op": "range", "lo": 0, "hi": 1712519418}], "most_selective_attr": "tpep_dropoff_datetime"}
r	{"filters": [{"attr": "tpep_pickup_datetime", "op": "range", "lo": 1766600530, "hi": 4102444800}, {"attr": "tpep_dropoff_datetime", "op": "range", "lo": 0, "hi": 1767021608}], "most_selective_attr": "tpep_pickup_datetime"}
r	{"filters": [{"attr": "tpep_pickup_datetime", "op": "range", "lo": 1760489849, "hi": 4102444800}, {"attr": "tpep_dropoff_datetime", "op": "range", "lo": 0, "hi": 1760564436}], "most_selective_attr": "tpep_pickup_datetime"}
r	{"filters": [{"attr": "tpep_pickup_datetime", "op": "range", "lo": 1724180777, "hi": 4102444800}, {"attr": "tpep_dropoff_datetime", "op": "range", "lo": 0, "hi": 1724790187}], "most_selective_attr": "tpep_dropoff_datetime"}
r	{"filters": [{"attr": "tpep_pickup_datetime", "op": "range", "lo": 1757860346, "hi": 4102444800}, {"attr": "tpep_dropoff_datetime", "op": "range", "lo": 0, "hi": 1758294457}], "most_selective_attr": "tpep_pickup_datetime"}
r	{"filters": [{"attr": "tpep_pickup_datetime", "op": "range", "lo": 1711926570, "hi": 4102444800}, {"attr": "tpep_dropoff_datetime", "op": "range", "lo": 0, "hi": 1712056133}], "most_selective_attr": "tpep_dropoff_datetime"}
r	{"filters": [{"attr": "tpep_pickup_datetime", "op": "range", "lo": 1766582288, "hi": 4102444800}, {"attr": "tpep_dropoff_datetime", "op": "range", "lo": 0, "hi": 1767184645}], "most_selective_attr": "tpep_pickup_datetime"}
r	{"filters": [{"attr": "tpep_pickup_datetime", "op": "range", "lo": 1747999095, "hi": 4102444800}, {"attr": "tpep_dropoff_datetime", "op": "range", "lo": 0, "hi": 1748051744}], "most_selective_attr": "tpep_pickup_datetime"}
r	{"filters": [{"attr": "tpep_pickup_datetime", "op": "range", "lo": 1747209022, "hi": 4102444800}, {"attr": "tpep_dropoff_datetime", "op": "range", "lo": 0, "hi": 1747312603}], "most_selective_attr": "tpep_pickup_datetime"}
r	{"filters": [{"attr": "tpep_pickup_datetime", "op": "range", "lo": 1710838771, "hi": 4102444800}, {"attr": "tpep_dropoff_datetime", "op": "range", "lo": 0, "hi": 1711242988}], "most_selective_attr": "tpep_dropoff_datetime"}
r	{"filters": [{"attr": "tpep_pickup_datetime", "op": "range", "lo": 1761171468, "hi": 4102444800}, {"attr": "tpep_dropoff_datetime", "op": "range", "lo": 0, "hi": 1761563071}], "most_selective_attr": "tpep_pickup_datetime"}
r	{"filters": [{"attr": "tpep_pickup_datetime", "op": "range", "lo": 1706400018, "hi": 4102444800}, {"attr": "tpep_dropoff_datetime", "op": "range", "lo": 0, "hi": 1707081670}], "most_selective_attr": "tpep_dropoff_datetime"}
r	{"filters": [{"attr": "tpep_pickup_datetime", "op": "range", "lo": 1720977099, "hi": 4102444800}, {"attr": "tpep_dropoff_datetime", "op": "range", "lo": 0, "hi": 1721213860}], "most_selective_attr": "tpep_dropoff_datetime"}
r	{"filters": [{"attr": "tpep_pickup_datetime", "op": "range", "lo": 1714302216, "hi": 4102444800}, {"attr": "tpep_dropoff_datetime", "op": "range", "lo": 0, "hi": 1714662101}], "most_selective_attr": "tpep_dropoff_datetime"}
r	{"filters": [{"attr": "tpep_pickup_datetime", "op": "range", "lo": 1754065078, "hi": 4102444800}, {"attr": "tpep_dropoff_datetime", "op": "range", "lo": 0, "hi": 1754637797}], "most_selective_attr": "tpep_pickup_datetime"}
r	{"filters": [{"attr": "tpep_pickup_datetime", "op": "range", "lo": 1717803211, "hi": 4102444800}, {"attr": "tpep_dropoff_datetime", "op": "range", "lo": 0, "hi": 1718360176}], "most_selective_attr": "tpep_dropoff_datetime"}
r	{"filters": [{"attr": "tpep_pickup_datetime", "op": "range", "lo": 1762163177, "hi": 4102444800}, {"attr": "tpep_dropoff_datetime", "op": "range", "lo": 0, "hi": 1762211769}], "most_selective_attr": "tpep_pickup_datetime"}
r	{"filters": [{"attr": "tpep_pickup_datetime", "op": "range", "lo": 1747436161, "hi": 4102444800}, {"attr": "tpep_dropoff_datetime", "op": "range", "lo": 0, "hi": 1747605586}], "most_selective_attr": "tpep_pickup_datetime"}
r	{"filters": [{"attr": "tpep_pickup_datetime", "op": "range", "lo": 1706966786, "hi": 4102444800}, {"attr": "tpep_dropoff_datetime", "op": "range", "lo": 0, "hi": 1707654880}], "most_selective_attr": "tpep_dropoff_datetime"}
r	{"filters": [{"attr": "tpep_pickup_datetime", "op": "range", "lo": 1704552323, "hi": 4102444800}, {"attr": "tpep_dropoff_datetime", "op": "range", "lo": 0, "hi": 1704642522}], "most_selective_attr": "tpep_dropoff_datetime"}
r	{"filters": [{"attr": "tpep_pickup_datetime", "op": "range", "lo": 1708142757, "hi": 4102444800}, {"attr": "tpep_dropoff_datetime", "op": "range", "lo": 0, "hi": 1708351937}], "most_selective_attr": "tpep_dropoff_datetime"}
r	{"filters": [{"attr": "tpep_pickup_datetime", "op": "range", "lo": 1744498734, "hi": 4102444800}, {"attr": "tpep_dropoff_datetime", "op": "range", "lo": 0, "hi": 1745035953}], "most_selective_attr": "tpep_pickup_datetime"}
r	{"filters": [{"attr": "tpep_pickup_datetime", "op": "range", "lo": 1755641650, "hi": 4102444800}, {"attr": "tpep_dropoff_datetime", "op": "range", "lo": 0, "hi": 1756315131}], "most_selective_attr": "tpep_pickup_datetime"}
r	{"filters": [{"attr": "tpep_pickup_datetime", "op": "range", "lo": 1720704841, "hi": 4102444800}, {"attr": "tpep_dropoff_datetime", "op": "range", "lo": 0, "hi": 1721379784}], "most_selective_attr": "tpep_dropoff_datetime"}
r	{"filters": [{"attr": "tpep_pickup_datetime", "op": "range", "lo": 1758749214, "hi": 4102444800}, {"attr": "tpep_dropoff_datetime", "op": "range", "lo": 0, "hi": 1758928785}], "most_selective_attr": "tpep_pickup_datetime"}
r	{"filters": [{"attr": "tpep_pickup_datetime", "op": "range", "lo": 1708605514, "hi": 4102444800}, {"attr": "tpep_dropoff_datetime", "op": "range", "lo": 0, "hi": 1708813716}], "most_selective_attr": "tpep_dropoff_datetime"}
r	{"filters": [{"attr": "tpep_pickup_datetime", "op": "range", "lo": 1755765303, "hi": 4102444800}, {"attr": "tpep_dropoff_datetime", "op": "range", "lo": 0, "hi": 1756235685}], "most_selective_attr": "tpep_pickup_datetime"}
r	{"filters": [{"attr": "tpep_pickup_datetime", "op": "range", "lo": 1762641540, "hi": 4102444800}, {"attr": "tpep_dropoff_datetime", "op": "range", "lo": 0, "hi": 1763169546}], "most_selective_attr": "tpep_pickup_datetime"}
r	{"filters": [{"attr": "tpep_pickup_datetime", "op": "range", "lo": 1754086477, "hi": 4102444800}, {"attr": "tpep_dropoff_datetime", "op": "range", "lo": 0, "hi": 1754225374}], "most_selective_attr": "tpep_pickup_datetime"}
r	{"filters": [{"attr": "tpep_pickup_datetime", "op": "range", "lo": 1749494251, "hi": 4102444800}, {"attr": "tpep_dropoff_datetime", "op": "range", "lo": 0, "hi": 1749939863}], "most_selective_attr": "tpep_pickup_datetime"}
r	{"filters": [{"attr": "tpep_pickup_datetime", "op": "range", "lo": 1757895578, "hi": 4102444800}, {"attr": "tpep_dropoff_datetime", "op": "range", "lo": 0, "hi": 1758333231}], "most_selective_attr": "tpep_pickup_datetime"}
r	{"filters": [{"attr": "tpep_pickup_datetime", "op": "range", "lo": 1707302127, "hi": 4102444800}, {"attr": "tpep_dropoff_datetime", "op": "range", "lo": 0, "hi": 1707651950}], "most_selective_attr": "tpep_dropoff_datetime"}
r	{"filters": [{"attr": "tpep_pickup_datetime", "op": "range", "lo": 1718104230, "hi": 4102444800}, {"attr": "tpep_dropoff_datetime", "op": "range", "lo": 0, "hi": 1718405715}], "most_selective_attr": "tpep_dropoff_datetime"}
r	{"filters": [{"attr": "tpep_pickup_datetime", "op": "range", "lo": 1713095573, "hi": 4102444800}, {"attr": "tpep_dropoff_datetime", "op": "range", "lo": 0, "hi": 1713255136}], "most_selective_attr": "tpep_dropoff_datetime"}
r	{"filters": [{"attr": "tpep_pickup_datetime", "op": "range", "lo": 1738655218, "hi": 4102444800}, {"attr": "tpep_dropoff_datetime", "op": "range", "lo": 0, "hi": 1739060575}], "most_selective_attr": "tpep_pickup_datetime"}
r	{"filters": [{"attr": "tpep_pickup_datetime", "op": "range", "lo": 1752343466, "hi": 4102444800}, {"attr": "tpep_dropoff_datetime", "op": "range", "lo": 0, "hi": 1752688548}], "most_selective_attr": "tpep_pickup_datetime"}
r	{"filters": [{"attr": "tpep_pickup_datetime", "op": "range", "lo": 1746039698, "hi": 4102444800}, {"attr": "tpep_dropoff_datetime", "op": "range", "lo": 0, "hi": 1746329881}], "most_selective_attr": "tpep_pickup_datetime"}
r	{"filters": [{"attr": "tpep_pickup_datetime", "op": "range", "lo": 1758917396, "hi": 4102444800}, {"attr": "tpep_dropoff_datetime", "op": "range", "lo": 0, "hi": 1759003758}], "most_selective_attr": "tpep_pickup_datetime"}
r	{"filters": [{"attr": "tpep_pickup_datetime", "op": "range", "lo": 1715103373, "hi": 4102444800}, {"attr": "tpep_dropoff_datetime", "op": "range", "lo": 0, "hi": 1715387894}], "most_selective_attr": "tpep_dropoff_datetime"}
r	{"filters": [{"attr": "tpep_pickup_datetime", "op": "range", "lo": 1751493675, "hi": 4102444800}, {"attr": "tpep_dropoff_datetime", "op": "range", "lo": 0, "hi": 1752097295}], "most_selective_attr": "tpep_pickup_datetime"}
r	{"filters": [{"attr": "tpep_pickup_datetime", "op": "range", "lo": 1717601325, "hi": 4102444800}, {"attr": "tpep_dropoff_datetime", "op": "range", "lo": 0, "hi": 1717685157}], "most_selective_attr": "tpep_dropoff_datetime"}
r	{"filters": [{"attr": "tpep_pickup_datetime", "op": "range", "lo": 1723215512, "hi": 4102444800}, {"attr": "tpep_dropoff_datetime", "op": "range", "lo": 0, "hi": 1723307143}], "most_selective_attr": "tpep_dropoff_datetime"}
r	{"filters": [{"attr": "tpep_pickup_datetime", "op": "range", "lo": 1750386461, "hi": 4102444800}, {"attr": "tpep_dropoff_datetime", "op": "range", "lo": 0, "hi": 1750500960}], "most_selective_attr": "tpep_pickup_datetime"}
r	{"filters": [{"attr": "tpep_pickup_datetime", "op": "range", "lo": 1765649625, "hi": 4102444800}, {"attr": "tpep_dropoff_datetime", "op": "range", "lo": 0, "hi": 1765921422}], "most_selective_attr": "tpep_pickup_datetime"}
r	{"filters": [{"attr": "tpep_pickup_datetime", "op": "range", "lo": 1744903102, "hi": 4102444800}, {"attr": "tpep_dropoff_datetime", "op": "range", "lo": 0, "hi": 1745396136}], "most_selective_attr": "tpep_pickup_datetime"}
r	{"filters": [{"attr": "tpep_pickup_datetime", "op": "range", "lo": 1708367018, "hi": 4102444800}, {"attr": "tpep_dropoff_datetime", "op": "range", "lo": 0, "hi": 1708792980}], "most_selective_attr": "tpep_dropoff_datetime"}
r	{"filters": [{"attr": "tpep_pickup_datetime", "op": "range", "lo": 1745429760, "hi": 4102444800}, {"attr": "tpep_dropoff_datetime", "op": "range", "lo": 0, "hi": 1745517890}], "most_selective_attr": "tpep_pickup_datetime"}
r	{"filters": [{"attr": "tpep_pickup_datetime", "op": "range", "lo": 1707469779, "hi": 4102444800}, {"attr": "tpep_dropoff_datetime", "op": "range", "lo": 0, "hi": 1707522919}], "most_selective_attr": "tpep_dropoff_datetime"}
r	{"filters": [{"attr": "tpep_pickup_datetime", "op": "range", "lo": 1760684153, "hi": 4102444800}, {"attr": "tpep_dropoff_datetime", "op": "range", "lo": 0, "hi": 1760822067}], "most_selective_attr": "tpep_pickup_datetime"}
r	{"filters": [{"attr": "tpep_pickup_datetime", "op": "range", "lo": 1750262154, "hi": 4102444800}, {"attr": "tpep_dropoff_datetime", "op": "range", "lo": 0, "hi": 1750525374}], "most_selective_attr": "tpep_pickup_datetime"}
r	{"filters": [{"attr": "tpep_pickup_datetime", "op": "range", "lo": 1716181369, "hi": 4102444800}, {"attr": "tpep_dropoff_datetime", "op": "range", "lo": 0, "hi": 1716480850}], "most_selective_attr": "tpep_dropoff_datetime"}
r	{"filters": [{"attr": "tpep_pickup_datetime", "op": "range", "lo": 1710938476, "hi": 4102444800}, {"attr": "tpep_dropoff_datetime", "op": "range", "lo": 0, "hi": 1711206298}], "most_selective_attr": "tpep_dropoff_datetime"}
r	{"filters": [{"attr": "tpep_pickup_datetime", "op": "range", "lo": 1716903989, "hi": 4102444800}, {"attr": "tpep_dropoff_datetime", "op": "range", "lo": 0, "hi": 1717426086}], "most_selective_attr": "tpep_dropoff_datetime"}
r	{"filters": [{"attr": "tpep_pickup_datetime", "op": "range", "lo": 1765698528, "hi": 4102444800}, {"attr": "tpep_dropoff_datetime", "op": "range", "lo": 0, "hi": 1765915334}], "most_selective_attr": "tpep_pickup_datetime"}
r	{"filters": [{"attr": "tpep_pickup_datetime", "op": "range", "lo": 1735485651, "hi": 4102444800}, {"attr": "tpep_dropoff_datetime", "op": "range", "lo": 0, "hi": 1736031696}], "most_selective_attr": "tpep_dropoff_datetime"}
r	{"filters": [{"attr": "tpep_pickup_datetime", "op": "range", "lo": 1754679025, "hi": 4102444800}, {"attr": "tpep_dropoff_datetime", "op": "range", "lo": 0, "hi": 1755100936}], "most_selective_attr": "tpep_pickup_datetime"}
r	{"filters": [{"attr": "tpep_pickup_datetime", "op": "range", "lo": 1746461039, "hi": 4102444800}, {"attr": "tpep_dropoff_datetime", "op": "range", "lo": 0, "hi": 1746637528}], "most_selective_attr": "tpep_pickup_datetime"}
r	{"filters": [{"attr": "tpep_pickup_datetime", "op": "range", "lo": 1742582026, "hi": 4102444800}, {"attr": "tpep_dropoff_datetime", "op": "range", "lo": 0, "hi": 1743111458}], "most_selective_attr": "tpep_pickup_datetime"}
r	{"filters": [{"attr": "tpep_pickup_datetime", "op": "range", "lo": 1714473533, "hi": 4102444800}, {"attr": "tpep_dropoff_datetime", "op": "range", "lo": 0, "hi": 1714771185}], "most_selective_attr": "tpep_dropoff_datetime"}
r	{"filters": [{"attr": "tpep_pickup_datetime", "op": "range", "lo": 1763932545, "hi": 4102444800}, {"attr": "tpep_dropoff_datetime", "op": "range", "lo": 0, "hi": 1764145250}], "most_selective_attr": "tpep_pickup_datetime"}
r	{"filters": [{"attr": "tpep_pickup_datetime", "op": "range", "lo": 1725612375, "hi": 4102444800}, {"attr": "tpep_dropoff_datetime", "op": "range", "lo": 0, "hi": 1725990003}], "most_selective_attr": "tpep_dropoff_datetime"}
r	{"filters": [{"attr": "tpep_pickup_datetime", "op": "range", "lo": 1743076716, "hi": 4102444800}, {"attr": "tpep_dropoff_datetime", "op": "range", "lo": 0, "hi": 1743303862}], "most_selective_attr": "tpep_pickup_datetime"}
r	{"filters": [{"attr": "tpep_pickup_datetime", "op": "range", "lo": 1749683734, "hi": 4102444800}, {"attr": "tpep_dropoff_datetime", "op": "range", "lo": 0, "hi": 1749995847}], "most_selective_attr": "tpep_pickup_datetime"}
r	{"filters": [{"attr": "tpep_pickup_datetime", "op": "range", "lo": 1747127477, "hi": 4102444800}, {"attr": "tpep_dropoff_datetime", "op": "range", "lo": 0, "hi": 1747274189}], "most_selective_attr": "tpep_pickup_datetime"}
r	{"filters": [{"attr": "tpep_pickup_datetime", "op": "range", "lo": 1763577301, "hi": 4102444800}, {"attr": "tpep_dropoff_datetime", "op": "range", "lo": 0, "hi": 1763827907}], "most_selective_attr": "tpep_pickup_datetime"}
r	{"filters": [{"attr": "tpep_pickup_datetime", "op": "range", "lo": 1714688066, "hi": 4102444800}, {"attr": "tpep_dropoff_datetime", "op": "range", "lo": 0, "hi": 1714841651}], "most_selective_attr": "tpep_dropoff_datetime"}
r	{"filters": [{"attr": "tpep_pickup_datetime", "op": "range", "lo": 1738947619, "hi": 4102444800}, {"attr": "tpep_dropoff_datetime", "op": "range", "lo": 0, "hi": 1739265580}], "most_selective_attr": "tpep_pickup_datetime"}
r	{"filters": [{"attr": "tpep_pickup_datetime", "op": "range", "lo": 1731948867, "hi": 4102444800}, {"attr": "tpep_dropoff_datetime", "op": "range", "lo": 0, "hi": 1732363819}], "most_selective_attr": "tpep_dropoff_datetime"}
r	{"filters": [{"attr": "tpep_pickup_datetime", "op": "range", "lo": 1736625823, "hi": 4102444800}, {"attr": "tpep_dropoff_datetime", "op": "range", "lo": 0, "hi": 1737228506}], "most_selective_attr": "tpep_dropoff_datetime"}
r	{"filters": [{"attr": "tpep_pickup_datetime", "op": "range", "lo": 1712758832, "hi": 4102444800}, {"attr": "tpep_dropoff_datetime", "op": "range", "lo": 0, "hi": 1712870420}], "most_selective_attr": "tpep_dropoff_datetime"}
r	{"filters": [{"attr": "tpep_pickup_datetime", "op": "range", "lo": 1713629251, "hi": 4102444800}, {"attr": "tpep_dropoff_datetime", "op": "range", "lo": 0, "hi": 1714315561}], "most_selective_attr": "tpep_dropoff_datetime"}
r	{"filters": [{"attr": "tpep_pickup_datetime", "op": "range", "lo": 1723649146, "hi": 4102444800}, {"attr": "tpep_dropoff_datetime", "op": "range", "lo": 0, "hi": 1724437639}], "most_selective_attr": "tpep_dropoff_datetime"}
r	{"filters": [{"attr": "tpep_pickup_datetime", "op": "range", "lo": 1745331197, "hi": 4102444800}, {"attr": "tpep_dropoff_datetime", "op": "range", "lo": 0, "hi": 1745432993}], "most_selective_attr": "tpep_pickup_datetime"}
r	{"filters": [{"attr": "tpep_pickup_datetime", "op": "range", "lo": 1754840471, "hi": 4102444800}, {"attr": "tpep_dropoff_datetime", "op": "range", "lo": 0, "hi": 1755176548}], "most_selective_attr": "tpep_pickup_datetime"}
r	{"filters": [{"attr": "tpep_pickup_datetime", "op": "range", "lo": 1731772210, "hi": 4102444800}, {"attr": "tpep_dropoff_datetime", "op": "range", "lo": 0, "hi": 1732176060}], "most_selective_attr": "tpep_dropoff_datetime"}
r	{"filters": [{"attr": "tpep_pickup_datetime", "op": "range", "lo": 1765211827, "hi": 4102444800}, {"attr": "tpep_dropoff_datetime", "op": "range", "lo": 0, "hi": 1765529384}], "most_selective_attr": "tpep_pickup_datetime"}
r	{"filters": [{"attr": "tpep_pickup_datetime", "op": "range", "lo": 1714990563, "hi": 4102444800}, {"attr": "tpep_dropoff_datetime", "op": "range", "lo": 0, "hi": 1715280952}], "most_selective_attr": "tpep_dropoff_datetime"}
r	{"filters": [{"attr": "tpep_pickup_datetime", "op": "range", "lo": 1758198923, "hi": 4102444800}, {"attr": "tpep_dropoff_datetime", "op": "range", "lo": 0, "hi": 1758410606}], "most_selective_attr": "tpep_pickup_datetime"}
r	{"filters": [{"attr": "tpep_pickup_datetime", "op": "range", "lo": 1764153149, "hi": 4102444800}, {"attr": "tpep_dropoff_datetime", "op": "range", "lo": 0, "hi": 1764356851}], "most_selective_attr": "tpep_pickup_datetime"}
r	{"filters": [{"attr": "tpep_pickup_datetime", "op": "range", "lo": 1744361258, "hi": 4102444800}, {"attr": "tpep_dropoff_datetime", "op": "range", "lo": 0, "hi": 1744737936}], "most_selective_attr": "tpep_pickup_datetime"}
r	{"filters": [{"attr": "tpep_pickup_datetime", "op": "range", "lo": 1762548453, "hi": 4102444800}, {"attr": "tpep_dropoff_datetime", "op": "range", "lo": 0, "hi": 1762771714}], "most_selective_attr": "tpep_pickup_datetime"}
r	{"filters": [{"attr": "tpep_pickup_datetime", "op": "range", "lo": 1725535785, "hi": 4102444800}, {"attr": "tpep_dropoff_datetime", "op": "range", "lo": 0, "hi": 1725614146}], "most_selective_attr": "tpep_dropoff_datetime"}
r	{"filters": [{"attr": "tpep_pickup_datetime", "op": "range", "lo": 1736977434, "hi": 4102444800}, {"attr": "tpep_dropoff_datetime", "op": "range", "lo": 0, "hi": 1737286872}], "most_selective_attr": "tpep_dropoff_datetime"}
r	{"filters": [{"attr": "tpep_pickup_datetime", "op": "range", "lo": 1714651245, "hi": 4102444800}, {"attr": "tpep_dropoff_datetime", "op": "range", "lo": 0, "hi": 1714947063}], "most_selective_attr": "tpep_dropoff_datetime"}
r	{"filters": [{"attr": "tpep_pickup_datetime", "op": "range", "lo": 1711149738, "hi": 4102444800}, {"attr": "tpep_dropoff_datetime", "op": "range", "lo": 0, "hi": 1711377977}], "most_selective_attr": "tpep_dropoff_datetime"}
r	{"filters": [{"attr": "tpep_pickup_datetime", "op": "range", "lo": 1728708518, "hi": 4102444800}, {"attr": "tpep_dropoff_datetime", "op": "range", "lo": 0, "hi": 1729107421}], "most_selective_attr": "tpep_dropoff_datetime"}
r	{"filters": [{"attr": "tpep_pickup_datetime", "op": "range", "lo": 1743689145, "hi": 4102444800}, {"attr": "tpep_dropoff_datetime", "op": "range", "lo": 0, "hi": 1744034884}], "most_selective_attr": "tpep_pickup_datetime"}
r	{"filters": [{"attr": "tpep_pickup_datetime", "op": "range", "lo": 1741189633, "hi": 4102444800}, {"attr": "tpep_dropoff_datetime", "op": "range", "lo": 0, "hi": 1741600593}], "most_selective_attr": "tpep_pickup_datetime"}
r	{"filters": [{"attr": "tpep_pickup_datetime", "op": "range", "lo": 1743515795, "hi": 4102444800}, {"attr": "tpep_dropoff_datetime", "op": "range", "lo": 0, "hi": 1743886842}], "most_selective_attr": "tpep_pickup_datetime"}
r	{"filters": [{"attr": "tpep_pickup_datetime", "op": "range", "lo": 1745248775, "hi": 4102444800}, {"attr": "tpep_dropoff_datetime", "op": "range", "lo": 0, "hi": 1745628333}], "most_selective_attr": "tpep_pickup_datetime"}
r	{"filters": [{"attr": "tpep_pickup_datetime", "op": "range", "lo": 1721329278, "hi": 4102444800}, {"attr": "tpep_dropoff_datetime", "op": "range", "lo": 0, "hi": 1721631922}], "most_selective_attr": "tpep_dropoff_datetime"}
r	{"filters": [{"attr": "tpep_pickup_datetime", "op": "range", "lo": 1728153205, "hi": 4102444800}, {"attr": "tpep_dropoff_datetime", "op": "range", "lo": 0, "hi": 1728669962}], "most_selective_attr": "tpep_dropoff_datetime"}
r	{"filters": [{"attr": "tpep_pickup_datetime", "op": "range", "lo": 1717772521, "hi": 4102444800}, {"attr": "tpep_dropoff_datetime", "op": "range", "lo": 0, "hi": 1718147861}], "most_selective_attr": "tpep_dropoff_datetime"}
r	{"filters": [{"attr": "tpep_pickup_datetime", "op": "range", "lo": 1740226074, "hi": 4102444800}, {"attr": "tpep_dropoff_datetime", "op": "range", "lo": 0, "hi": 1740561239}], "most_selective_attr": "tpep_pickup_datetime"}
r	{"filters": [{"attr": "tpep_pickup_datetime", "op": "range", "lo": 1739983165, "hi": 4102444800}, {"attr": "tpep_dropoff_datetime", "op": "range", "lo": 0, "hi": 1740385792}], "most_selective_attr": "tpep_pickup_datetime"}
r	{"filters": [{"attr": "tpep_pickup_datetime", "op": "range", "lo": 1764863385, "hi": 4102444800}, {"attr": "tpep_dropoff_datetime", "op": "range", "lo": 0, "hi": 1765048069}], "most_selective_attr": "tpep_pickup_datetime"}
r	{"filters": [{"attr": "tpep_pickup_datetime", "op": "range", "lo": 1756330102, "hi": 4102444800}, {"attr": "tpep_dropoff_datetime", "op": "range", "lo": 0, "hi": 1756729306}], "most_selective_attr": "tpep_pickup_datetime"}
r	{"filters": [{"attr": "tpep_pickup_datetime", "op": "range", "lo": 1741816445, "hi": 4102444800}, {"attr": "tpep_dropoff_datetime", "op": "range", "lo": 0, "hi": 1742246260}], "most_selective_attr": "tpep_pickup_datetime"}
r	{"filters": [{"attr": "tpep_pickup_datetime", "op": "range", "lo": 1713278883, "hi": 4102444800}, {"attr": "tpep_dropoff_datetime", "op": "range", "lo": 0, "hi": 1713879030}], "most_selective_attr": "tpep_dropoff_datetime"}
r	{"filters": [{"attr": "tpep_pickup_datetime", "op": "range", "lo": 1758490984, "hi": 4102444800}, {"attr": "tpep_dropoff_datetime", "op": "range", "lo": 0, "hi": 1759010965}], "most_selective_attr": "tpep_pickup_datetime"}
r	{"filters": [{"attr": "tpep_pickup_datetime", "op": "range", "lo": 1751561240, "hi": 4102444800}, {"attr": "tpep_dropoff_datetime", "op": "range", "lo": 0, "hi": 1751994117}], "most_selective_attr": "tpep_pickup_datetime"}
r	{"filters": [{"attr": "tpep_pickup_datetime", "op": "range", "lo": 1722975002, "hi": 4102444800}, {"attr": "tpep_dropoff_datetime", "op": "range", "lo": 0, "hi": 1723414458}], "most_selective_attr": "tpep_dropoff_datetime"}
r	{"filters": [{"attr": "tpep_pickup_datetime", "op": "range", "lo": 1721241975, "hi": 4102444800}, {"attr": "tpep_dropoff_datetime", "op": "range", "lo": 0, "hi": 1721840764}], "most_selective_attr": "tpep_dropoff_datetime"}
r	{"filters": [{"attr": "tpep_pickup_datetime", "op": "range", "lo": 1739619641, "hi": 4102444800}, {"attr": "tpep_dropoff_datetime", "op": "range", "lo": 0, "hi": 1739874983}], "most_selective_attr": "tpep_pickup_datetime"}
r	{"filters": [{"attr": "tpep_pickup_datetime", "op": "range", "lo": 1730655534, "hi": 4102444800}, {"attr": "tpep_dropoff_datetime", "op": "range", "lo": 0, "hi": 1731223480}], "most_selective_attr": "tpep_dropoff_datetime"}
r	{"filters": [{"attr": "tpep_pickup_datetime", "op": "range", "lo": 1707406797, "hi": 4102444800}, {"attr": "tpep_dropoff_datetime", "op": "range", "lo": 0, "hi": 1707824351}], "most_selective_attr": "tpep_dropoff_datetime"}
r	{"filters": [{"attr": "tpep_pickup_datetime", "op": "range", "lo": 1708517003, "hi": 4102444800}, {"attr": "tpep_dropoff_datetime", "op": "range", "lo": 0, "hi": 1708642015}], "most_selective_attr": "tpep_dropoff_datetime"}
r	{"filters": [{"attr": "tpep_pickup_datetime", "op": "range", "lo": 1759916032, "hi": 4102444800}, {"attr": "tpep_dropoff_datetime", "op": "range", "lo": 0, "hi": 1760002153}], "most_selective_attr": "tpep_pickup_datetime"}
r	{"filters": [{"attr": "tpep_pickup_datetime", "op": "range", "lo": 1757059728, "hi": 4102444800}, {"attr": "tpep_dropoff_datetime", "op": "range", "lo": 0, "hi": 1757529890}], "most_selective_attr": "tpep_pickup_datetime"}
r	{"filters": [{"attr": "tpep_pickup_datetime", "op": "range", "lo": 1710003674, "hi": 4102444800}, {"attr": "tpep_dropoff_datetime", "op": "range", "lo": 0, "hi": 1710091725}], "most_selective_attr": "tpep_dropoff_datetime"}
r	{"filters": [{"attr": "tpep_pickup_datetime", "op": "range", "lo": 1742364868, "hi": 4102444800}, {"attr": "tpep_dropoff_datetime", "op": "range", "lo": 0, "hi": 1742559154}], "most_selective_attr": "tpep_pickup_datetime"}
r	{"filters": [{"attr": "tpep_pickup_datetime", "op": "range", "lo": 1737664080, "hi": 4102444800}, {"attr": "tpep_dropoff_datetime", "op": "range", "lo": 0, "hi": 1737905770}], "most_selective_attr": "tpep_dropoff_datetime"}
r	{"filters": [{"attr": "tpep_pickup_datetime", "op": "range", "lo": 1751540537, "hi": 4102444800}, {"attr": "tpep_dropoff_datetime", "op": "range", "lo": 0, "hi": 1751738615}], "most_selective_attr": "tpep_pickup_datetime"}
r	{"filters": [{"attr": "tpep_pickup_datetime", "op": "range", "lo": 1709244461, "hi": 4102444800}, {"attr": "tpep_dropoff_datetime", "op": "range", "lo": 0, "hi": 1709501456}], "most_selective_attr": "tpep_dropoff_datetime"}
r	{"filters": [{"attr": "tpep_pickup_datetime", "op": "range", "lo": 1761432355, "hi": 4102444800}, {"attr": "tpep_dropoff_datetime", "op": "range", "lo": 0, "hi": 1761862393}], "most_selective_attr": "tpep_pickup_datetime"}
r	{"filters": [{"attr": "tpep_pickup_datetime", "op": "range", "lo": 1734119325, "hi": 4102444800}, {"attr": "tpep_dropoff_datetime", "op": "range", "lo": 0, "hi": 1734184228}], "most_selective_attr": "tpep_dropoff_datetime"}
r	{"filters": [{"attr": "tpep_pickup_datetime", "op": "range", "lo": 1749918021, "hi": 4102444800}, {"attr": "tpep_dropoff_datetime", "op": "range", "lo": 0, "hi": 1750405155}], "most_selective_attr": "tpep_pickup_datetime"}
r	{"filters": [{"attr": "tpep_pickup_datetime", "op": "range", "lo": 1732567394, "hi": 4102444800}, {"attr": "tpep_dropoff_datetime", "op": "range", "lo": 0, "hi": 1733245478}], "most_selective_attr": "tpep_dropoff_datetime"}
r	{"filters": [{"attr": "tpep_pickup_datetime", "op": "range", "lo": 1750267283, "hi": 4102444800}, {"attr": "tpep_dropoff_datetime", "op": "range", "lo": 0, "hi": 1750500053}], "most_selective_attr": "tpep_pickup_datetime"}
r	{"filters": [{"attr": "tpep_pickup_datetime", "op": "range", "lo": 1720888067, "hi": 4102444800}, {"attr": "tpep_dropoff_datetime", "op": "range", "lo": 0, "hi": 1721068575}], "most_selective_attr": "tpep_dropoff_datetime"}
r	{"filters": [{"attr": "tpep_pickup_datetime", "op": "range", "lo": 1747946699, "hi": 4102444800}, {"attr": "tpep_dropoff_datetime", "op": "range", "lo": 0, "hi": 1748367782}], "most_selective_attr": "tpep_pickup_datetime"}
r	{"filters": [{"attr": "tpep_pickup_datetime", "op": "range", "lo": 1739028811, "hi": 4102444800}, {"attr": "tpep_dropoff_datetime", "op": "range", "lo": 0, "hi": 1739138281}], "most_selective_attr": "tpep_pickup_datetime"}
r	{"filters": [{"attr": "tpep_pickup_datetime", "op": "range", "lo": 1738533080, "hi": 4102444800}, {"attr": "tpep_dropoff_datetime", "op": "range", "lo": 0, "hi": 1738839765}], "most_selective_attr": "tpep_pickup_datetime"}
r	{"filters": [{"attr": "tpep_pickup_datetime", "op": "range", "lo": 1709909093, "hi": 4102444800}, {"attr": "tpep_dropoff_datetime", "op": "range", "lo": 0, "hi": 1710526690}], "most_selective_attr": "tpep_dropoff_datetime"}
r	{"filters": [{"attr": "tpep_pickup_datetime", "op": "range", "lo": 1734631177, "hi": 4102444800}, {"attr": "tpep_dropoff_datetime", "op": "range", "lo": 0, "hi": 1735419396}], "most_selective_attr": "tpep_dropoff_datetime"}
r	{"filters": [{"attr": "tpep_pickup_datetime", "op": "range", "lo": 1733301209, "hi": 4102444800}, {"attr": "tpep_dropoff_datetime", "op": "range", "lo": 0, "hi": 1733746929}], "most_selective_attr": "tpep_dropoff_datetime"}
r	{"filters": [{"attr": "tpep_pickup_datetime", "op": "range", "lo": 1753918020, "hi": 4102444800}, {"attr": "tpep_dropoff_datetime", "op": "range", "lo": 0, "hi": 1754153051}], "most_selective_attr": "tpep_pickup_datetime"}
r	{"filters": [{"attr": "tpep_pickup_datetime", "op": "range", "lo": 1714344032, "hi": 4102444800}, {"attr": "tpep_dropoff_datetime", "op": "range", "lo": 0, "hi": 1714829735}], "most_selective_attr": "tpep_dropoff_datetime"}
r	{"filters": [{"attr": "tpep_pickup_datetime", "op": "range", "lo": 1752743401, "hi": 4102444800}, {"attr": "tpep_dropoff_datetime", "op": "range", "lo": 0, "hi": 1753186111}], "most_selective_attr": "tpep_pickup_datetime"}
r	{"filters": [{"attr": "tpep_pickup_datetime", "op": "range", "lo": 1762801020, "hi": 4102444800}, {"attr": "tpep_dropoff_datetime", "op": "range", "lo": 0, "hi": 1763056956}], "most_selective_attr": "tpep_pickup_datetime"}
r	{"filters": [{"attr": "tpep_pickup_datetime", "op": "range", "lo": 1727564270, "hi": 4102444800}, {"attr": "tpep_dropoff_datetime", "op": "range", "lo": 0, "hi": 1728044847}], "most_selective_attr": "tpep_dropoff_datetime"}
r	{"filters": [{"attr": "tpep_pickup_datetime", "op": "range", "lo": 1748554047, "hi": 4102444800}, {"attr": "tpep_dropoff_datetime", "op": "range", "lo": 0, "hi": 1748621256}], "most_selective_attr": "tpep_pickup_datetime"}
r	{"filters": [{"attr": "tpep_pickup_datetime", "op": "range", "lo": 1753132627, "hi": 4102444800}, {"attr": "tpep_dropoff_datetime", "op": "range", "lo": 0, "hi": 1753310727}], "most_selective_attr": "tpep_pickup_datetime"}
r	{"filters": [{"attr": "tpep_pickup_datetime", "op": "range", "lo": 1736245322, "hi": 4102444800}, {"attr": "tpep_dropoff_datetime", "op": "range", "lo": 0, "hi": 1736625156}], "most_selective_attr": "tpep_dropoff_datetime"}
r	{"filters": [{"attr": "tpep_pickup_datetime", "op": "range", "lo": 1750452917, "hi": 4102444800}, {"attr": "tpep_dropoff_datetime", "op": "range", "lo": 0, "hi": 1750586510}], "most_selective_attr": "tpep_pickup_datetime"}
r	{"filters": [{"attr": "tpep_pickup_datetime", "op": "range", "lo": 1732987001, "hi": 4102444800}, {"attr": "tpep_dropoff_datetime", "op": "range", "lo": 0, "hi": 1733167183}], "most_selective_attr": "tpep_dropoff_datetime"}
r	{"filters": [{"attr": "tpep_pickup_datetime", "op": "range", "lo": 1762335691, "hi": 4102444800}, {"attr": "tpep_dropoff_datetime", "op": "range", "lo": 0, "hi": 1762784272}], "most_selective_attr": "tpep_pickup_datetime"}
r	{"filters": [{"attr": "tpep_pickup_datetime", "op": "range", "lo": 1764297468, "hi": 4102444800}, {"attr": "tpep_dropoff_datetime", "op": "range", "lo": 0, "hi": 1764884647}], "most_selective_attr": "tpep_pickup_datetime"}
r	{"filters": [{"attr": "tpep_pickup_datetime", "op": "range", "lo": 1717978913, "hi": 4102444800}, {"attr": "tpep_dropoff_datetime", "op": "range", "lo": 0, "hi": 1718381620}], "most_selective_attr": "tpep_dropoff_datetime"}
r	{"filters": [{"attr": "tpep_pickup_datetime", "op": "range", "lo": 1755717743, "hi": 4102444800}, {"attr": "tpep_dropoff_datetime", "op": "range", "lo": 0, "hi": 1756310380}], "most_selective_attr": "tpep_pickup_datetime"}
r	{"filters": [{"attr": "tpep_pickup_datetime", "op": "range", "lo": 1746970149, "hi": 4102444800}, {"attr": "tpep_dropoff_datetime", "op": "range", "lo": 0, "hi": 1747467850}], "most_selective_attr": "tpep_pickup_datetime"}
r	{"filters": [{"attr": "tpep_pickup_datetime", "op": "range", "lo": 1738697533, "hi": 4102444800}, {"attr": "tpep_dropoff_datetime", "op": "range", "lo": 0, "hi": 1738848058}], "most_selective_attr": "tpep_pickup_datetime"}
r	{"filters": [{"attr": "tpep_pickup_datetime", "op": "range", "lo": 1758309977, "hi": 4102444800}, {"attr": "tpep_dropoff_datetime", "op": "range", "lo": 0, "hi": 1758581311}], "most_selective_attr": "tpep_pickup_datetime"}
r	{"filters": [{"attr": "tpep_pickup_datetime", "op": "range", "lo": 1727331688, "hi": 4102444800}, {"attr": "tpep_dropoff_datetime", "op": "range", "lo": 0, "hi": 1727576182}], "most_selective_attr": "tpep_dropoff_datetime"}
r	{"filters": [{"attr": "tpep_pickup_datetime", "op": "range", "lo": 1758072266, "hi": 4102444800}, {"attr": "tpep_dropoff_datetime", "op": "range", "lo": 0, "hi": 1758176122}], "most_selective_attr": "tpep_pickup_datetime"}
r	{"filters": [{"attr": "tpep_pickup_datetime", "op": "range", "lo": 1707374038, "hi": 4102444800}, {"attr": "tpep_dropoff_datetime", "op": "range", "lo": 0, "hi": 1707948816}], "most_selective_attr": "tpep_dropoff_datetime"}
r	{"filters": [{"attr": "tpep_pickup_datetime", "op": "range", "lo": 1737130474, "hi": 4102444800}, {"attr": "tpep_dropoff_datetime", "op": "range", "lo": 0, "hi": 1737471240}], "most_selective_attr": "tpep_dropoff_datetime"}
r	{"filters": [{"attr": "tpep_pickup_datetime", "op": "range", "lo": 1762421944, "hi": 4102444800}, {"attr": "tpep_dropoff_datetime", "op": "range", "lo": 0, "hi": 1762682600}], "most_selective_attr": "tpep_pickup_datetime"}
r	{"filters": [{"attr": "tpep_pickup_datetime", "op": "range", "lo": 1725996394, "hi": 4102444800}, {"attr": "tpep_dropoff_datetime", "op": "range", "lo": 0, "hi": 1726153952}], "most_selective_attr": "tpep_dropoff_datetime"}
r	{"filters": [{"attr": "tpep_pickup_datetime", "op": "range", "lo": 1721222842, "hi": 4102444800}, {"attr": "tpep_dropoff_datetime", "op": "range", "lo": 0, "hi": 1721390921}], "most_selective_attr": "tpep_dropoff_datetime"}
r	{"filters": [{"attr": "tpep_pickup_datetime", "op": "range", "lo": 1763378018, "hi": 4102444800}, {"attr": "tpep_dropoff_datetime", "op": "range", "lo": 0, "hi": 1763840636}], "most_selective_attr": "tpep_pickup_datetime"}
r	{"filters": [{"attr": "tpep_pickup_datetime", "op": "range", "lo": 1746293472, "hi": 4102444800}, {"attr": "tpep_dropoff_datetime", "op": "range", "lo": 0, "hi": 1746362653}], "most_selective_attr": "tpep_pickup_datetime"}
r	{"filters": [{"attr": "tpep_pickup_datetime", "op": "range", "lo": 1717539691, "hi": 4102444800}, {"attr": "tpep_dropoff_datetime", "op": "range", "lo": 0, "hi": 1717714666}], "most_selective_attr": "tpep_dropoff_datetime"}
r	{"filters": [{"attr": "tpep_pickup_datetime", "op": "range", "lo": 1717659153, "hi": 4102444800}, {"attr": "tpep_dropoff_datetime", "op": "range", "lo": 0, "hi": 1717859349}], "most_selective_attr": "tpep_dropoff_datetime"}
r	{"filters": [{"attr": "tpep_pickup_datetime", "op": "range", "lo": 1766431165, "hi": 4102444800}, {"attr": "tpep_dropoff_datetime", "op": "range", "lo": 0, "hi": 1766905946}], "most_selective_attr": "tpep_pickup_datetime"}
r	{"filters": [{"attr": "tpep_pickup_datetime", "op": "range", "lo": 1750931119, "hi": 4102444800}, {"attr": "tpep_dropoff_datetime", "op": "range", "lo": 0, "hi": 1751280644}], "most_selective_attr": "tpep_pickup_datetime"}
r	{"filters": [{"attr": "tpep_pickup_datetime", "op": "range", "lo": 1705246248, "hi": 4102444800}, {"attr": "tpep_dropoff_datetime", "op": "range", "lo": 0, "hi": 1705683765}], "most_selective_attr": "tpep_dropoff_datetime"}
r	{"filters": [{"attr": "tpep_pickup_datetime", "op": "range", "lo": 1723055792, "hi": 4102444800}, {"attr": "tpep_dropoff_datetime", "op": "range", "lo": 0, "hi": 1723195881}], "most_selective_attr": "tpep_dropoff_datetime"}
r	{"filters": [{"attr": "tpep_pickup_datetime", "op": "range", "lo": 1758281242, "hi": 4102444800}, {"attr": "tpep_dropoff_datetime", "op": "range", "lo": 0, "hi": 1758418568}], "most_selective_attr": "tpep_pickup_datetime"}
r	{"filters": [{"attr": "tpep_pickup_datetime", "op": "range", "lo": 1758787504, "hi": 4102444800}, {"attr": "tpep_dropoff_datetime", "op": "range", "lo": 0, "hi": 1759241772}], "most_selective_attr": "tpep_pickup_datetime"}
r	{"filters": [{"attr": "tpep_pickup_datetime", "op": "range", "lo": 1741725843, "hi": 4102444800}, {"attr": "tpep_dropoff_datetime", "op": "range", "lo": 0, "hi": 1742079594}], "most_selective_attr": "tpep_pickup_datetime"}
r	{"filters": [{"attr": "tpep_pickup_datetime", "op": "range", "lo": 1732127373, "hi": 4102444800}, {"attr": "tpep_dropoff_datetime", "op": "range", "lo": 0, "hi": 1732532345}], "most_selective_attr": "tpep_dropoff_datetime"}
r	{"filters": [{"attr": "tpep_pickup_datetime", "op": "range", "lo": 1755304277, "hi": 4102444800}, {"attr": "tpep_dropoff_datetime", "op": "range", "lo": 0, "hi": 1755794511}], "most_selective_attr": "tpep_pickup_datetime"}
r	{"filters": [{"attr": "tpep_pickup_datetime", "op": "range", "lo": 1745019391, "hi": 4102444800}, {"attr": "tpep_dropoff_datetime", "op": "range", "lo": 0, "hi": 1745515958}], "most_selective_attr": "tpep_pickup_datetime"}
r	{"filters": [{"attr": "tpep_pickup_datetime", "op": "range", "lo": 1751202139, "hi": 4102444800}, {"attr": "tpep_dropoff_datetime", "op": "range", "lo": 0, "hi": 1751300416}], "most_selective_attr": "tpep_pickup_datetime"}
r	{"filters": [{"attr": "tpep_pickup_datetime", "op": "range", "lo": 1752327981, "hi": 4102444800}, {"attr": "tpep_dropoff_datetime", "op": "range", "lo": 0, "hi": 1752588247}], "most_selective_attr": "tpep_pickup_datetime"}
r	{"filters": [{"attr": "tpep_pickup_datetime", "op": "range", "lo": 1760378845, "hi": 4102444800}, {"attr": "tpep_dropoff_datetime", "op": "range", "lo": 0, "hi": 1760703410}], "most_selective_attr": "tpep_pickup_datetime"}
r	{"filters": [{"attr": "tpep_pickup_datetime", "op": "range", "lo": 1763140032, "hi": 4102444800}, {"attr": "tpep_dropoff_datetime", "op": "range", "lo": 0, "hi": 1763334172}], "most_selective_attr": "tpep_pickup_datetime"}
r	{"filters": [{"attr": "tpep_pickup_datetime", "op": "range", "lo": 1727385153, "hi": 4102444800}, {"attr": "tpep_dropoff_datetime", "op": "range", "lo": 0, "hi": 1727954612}], "most_selective_attr": "tpep_dropoff_datetime"}
r	{"filters": [{"attr": "tpep_pickup_datetime", "op": "range", "lo": 1740297663, "hi": 4102444800}, {"attr": "tpep_dropoff_datetime", "op": "range", "lo": 0, "hi": 1740668293}], "most_selective_attr": "tpep_pickup_datetime"}
r	{"filters": [{"attr": "tpep_pickup_datetime", "op": "range", "lo": 1749074781, "hi": 4102444800}, {"attr": "tpep_dropoff_datetime", "op": "range", "lo": 0, "hi": 1749474974}], "most_selective_attr": "tpep_pickup_datetime"}
r	{"filters": [{"attr": "tpep_pickup_datetime", "op": "range", "lo": 1729832313, "hi": 4102444800}, {"attr": "tpep_dropoff_datetime", "op": "range", "lo": 0, "hi": 1730360145}], "most_selective_attr": "tpep_dropoff_datetime"}
r	{"filters": [{"attr": "tpep_pickup_datetime", "op": "range", "lo": 1733688665, "hi": 4102444800}, {"attr": "tpep_dropoff_datetime", "op": "range", "lo": 0, "hi": 1734021999}], "most_selective_attr": "tpep_dropoff_datetime"}
r	{"filters": [{"attr": "tpep_pickup_datetime", "op": "range", "lo": 1725753744, "hi": 4102444800}, {"attr": "tpep_dropoff_datetime", "op": "range", "lo": 0, "hi": 1726341455}], "most_selective_attr": "tpep_dropoff_datetime"}
r	{"filters": [{"attr": "tpep_pickup_datetime", "op": "range", "lo": 1712777260, "hi": 4102444800}, {"attr": "tpep_dropoff_datetime", "op": "range", "lo": 0, "hi": 1713176802}], "most_selective_attr": "tpep_dropoff_datetime"}
r	{"filters": [{"attr": "tpep_pickup_datetime", "op": "range", "lo": 1730666206, "hi": 4102444800}, {"attr": "tpep_dropoff_datetime", "op": "range", "lo": 0, "hi": 1731247283}], "most_selective_attr": "tpep_dropoff_datetime"}
r	{"filters": [{"attr": "tpep_pickup_datetime", "op": "range", "lo": 1743344158, "hi": 4102444800}, {"attr": "tpep_dropoff_datetime", "op": "range", "lo": 0, "hi": 1743604336}], "most_selective_attr": "tpep_pickup_datetime"}
r	{"filters": [{"attr": "tpep_pickup_datetime", "op": "range", "lo": 1758563193, "hi": 4102444800}, {"attr": "tpep_dropoff_datetime", "op": "range", "lo": 0, "hi": 1758888547}], "most_selective_attr": "tpep_pickup_datetime"}
r	{"filters": [{"attr": "tpep_pickup_datetime", "op": "range", "lo": 1739451616, "hi": 4102444800}, {"attr": "tpep_dropoff_datetime", "op": "range", "lo": 0, "hi": 1739751013}], "most_selective_attr": "tpep_pickup_datetime"}
r	{"filters": [{"attr": "tpep_pickup_datetime", "op": "range", "lo": 1705890361, "hi": 4102444800}, {"attr": "tpep_dropoff_datetime", "op": "range", "lo": 0, "hi": 1706046405}], "most_selective_attr": "tpep_dropoff_datetime"}
r	{"filters": [{"attr": "tpep_pickup_datetime", "op": "range", "lo": 1766714847, "hi": 4102444800}, {"attr": "tpep_dropoff_datetime", "op": "range", "lo": 0, "hi": 1767109989}], "most_selective_attr": "tpep_pickup_datetime"}
r	{"filters": [{"attr": "tpep_pickup_datetime", "op": "range", "lo": 1745853910, "hi": 4102444800}, {"attr": "tpep_dropoff_datetime", "op": "range", "lo": 0, "hi": 1746354141}], "most_selective_attr": "tpep_pickup_datetime"}
r	{"filters": [{"attr": "tpep_pickup_datetime", "op": "range", "lo": 1731194859, "hi": 4102444800}, {"attr": "tpep_dropoff_datetime", "op": "range", "lo": 0, "hi": 1731619962}], "most_selective_attr": "tpep_dropoff_datetime"}
r	{"filters": [{"attr": "tpep_pickup_datetime", "op": "range", "lo": 1704828664, "hi": 4102444800}, {"attr": "tpep_dropoff_datetime", "op": "range", "lo": 0, "hi": 1705051440}], "most_selective_attr": "tpep_dropoff_datetime"}
r	{"filters": [{"attr": "tpep_pickup_datetime", "op": "range", "lo": 1726597846, "hi": 4102444800}, {"attr": "tpep_dropoff_datetime", "op": "range", "lo": 0, "hi": 1726836368}], "most_selective_attr": "tpep_dropoff_datetime"}
r	{"filters": [{"attr": "tpep_pickup_datetime", "op": "range", "lo": 1722345827, "hi": 4102444800}, {"attr": "tpep_dropoff_datetime", "op": "range", "lo": 0, "hi": 1722533133}], "most_selective_attr": "tpep_dropoff_datetime"}
r	{"filters": [{"attr": "tpep_pickup_datetime", "op": "range", "lo": 1744917418, "hi": 4102444800}, {"attr": "tpep_dropoff_datetime", "op": "range", "lo": 0, "hi": 1744995196}], "most_selective_attr": "tpep_pickup_datetime"}
r	{"filters": [{"attr": "tpep_pickup_datetime", "op": "range", "lo": 1749121881, "hi": 4102444800}, {"attr": "tpep_dropoff_datetime", "op": "range", "lo": 0, "hi": 1749585730}], "most_selective_attr": "tpep_pickup_datetime"}
r	{"filters": [{"attr": "tpep_pickup_datetime", "op": "range", "lo": 1733088739, "hi": 4102444800}, {"attr": "tpep_dropoff_datetime", "op": "range", "lo": 0, "hi": 1733413698}], "most_selective_attr": "tpep_dropoff_datetime"}
r	{"filters": [{"attr": "tpep_pickup_datetime", "op": "range", "lo": 1714258269, "hi": 4102444800}, {"attr": "tpep_dropoff_datetime", "op": "range", "lo": 0, "hi": 1714558064}], "most_selective_attr": "tpep_dropoff_datetime"}
r	{"filters": [{"attr": "tpep_pickup_datetime", "op": "range", "lo": 1742327326, "hi": 4102444800}, {"attr": "tpep_dropoff_datetime", "op": "range", "lo": 0, "hi": 1742683069}], "most_selective_attr": "tpep_pickup_datetime"}
r	{"filters": [{"attr": "tpep_pickup_datetime", "op": "range", "lo": 1732837770, "hi": 4102444800}, {"attr": "tpep_dropoff_datetime", "op": "range", "lo": 0, "hi": 1732949919}], "most_selective_attr": "tpep_dropoff_datetime"}
r	{"filters": [{"attr": "tpep_pickup_datetime", "op": "range", "lo": 1716011093, "hi": 4102444800}, {"attr": "tpep_dropoff_datetime", "op": "range", "lo": 0, "hi": 1716233001}], "most_selective_attr": "tpep_dropoff_datetime"}
r	{"filters": [{"attr": "tpep_pickup_datetime", "op": "range", "lo": 1739912845, "hi": 4102444800}, {"attr": "tpep_dropoff_datetime", "op": "range", "lo": 0, "hi": 1740346390}], "most_selective_attr": "tpep_pickup_datetime"}
r	{"filters": [{"attr": "tpep_pickup_datetime", "op": "range", "lo": 1750408823, "hi": 4102444800}, {"attr": "tpep_dropoff_datetime", "op": "range", "lo": 0, "hi": 1750769474}], "most_selective_attr": "tpep_pickup_datetime"}
r	{"filters": [{"attr": "tpep_pickup_datetime", "op": "range", "lo": 1755720951, "hi": 4102444800}, {"attr": "tpep_dropoff_datetime", "op": "range", "lo": 0, "hi": 1756400499}], "most_selective_attr": "tpep_pickup_datetime"}
r	{"filters": [{"attr": "tpep_pickup_datetime", "op": "range", "lo": 1760209478, "hi": 4102444800}, {"attr": "tpep_dropoff_datetime", "op": "range", "lo": 0, "hi": 1760604866}], "most_selective_attr": "tpep_pickup_datetime"}
