r	{"filters": [{"attr": "DOLocationID", "op": "eq", "value": 239}, {"attr": "passenger_count", "op": "range", "lo": 1.0, "hi": 1.01}, {"attr": "tpep_pickup_datetime", "op": "range", "lo": 1714241404, "hi": 1741079434}], "most_selective_attr": "DOLocationID"}
r	{"filters": [{"attr": "tpep_pickup_datetime", "op": "range", "lo": 1726165151, "hi": 1742845800}, {"attr": "passenger_count", "op": "range", "lo": 1.0, "hi": 2.0}, {"attr": "fare_amount", "op": "range", "lo": 17.7, "hi": 19.5}], "most_selective_attr": "fare_amount"}
r	{"filters": [{"attr": "DOLocationID", "op": "eq", "value": 163}, {"attr": "passenger_count", "op": "range", "lo": -1.0, "hi": 1.0}, {"attr": "tpep_dropoff_datetime", "op": "range", "lo": 1748555605, "hi": 1764678481}], "most_selective_attr": "DOLocationID"}
r	{"filters": [{"attr": "DOLocationID", "op": "eq", "value": 148}, {"attr": "fare_amount", "op": "range", "lo": 8.6, "hi": 16.3}, {"attr": "passenger_count", "op": "range", "lo": 1.0, "hi": 5.0}], "most_selective_attr": "DOLocationID"}
r	{"filters": [{"attr": "PULocationID", "op": "eq", "value": 163}, {"attr": "tpep_pickup_datetime", "op": "range", "lo": 1736624507, "hi": 1755088202}, {"attr": "fare_amount", "op": "range", "lo": -13.4, "hi": 10.7}], "most_selective_attr": "PULocationID"}
r	{"filters": [{"attr": "DOLocationID", "op": "eq", "value": 231}, {"attr": "passenger_count", "op": "range", "lo": 1.0, "hi": 2.0}, {"attr": "tpep_pickup_datetime", "op": "range", "lo": 1708646295, "hi": 1740673502}], "most_selective_attr": "DOLocationID"}
r	{"filters": [{"attr": "DOLocationID", "op": "eq", "value": 138}, {"attr": "tpep_dropoff_datetime", "op": "range", "lo": 1710850871, "hi": 1763848837}, {"attr": "tpep_pickup_datetime", "op": "range", "lo": 1707228250, "hi": 1766437481}], "most_selective_attr": "DOLocationID"}
r	{"filters": [{"attr": "PULocationID", "op": "eq", "value": 263}, {"attr": "tpep_dropoff_datetime", "op": "range", "lo": 1707489261, "hi": 1748191187}, {"attr": "fare_amount", "op": "range", "lo": 14.2, "hi": 24.03}], "most_selective_attr": "PULocationID"}
r	{"filters": [{"attr": "DOLocationID", "op": "eq", "value": 164}, {"attr": "passenger_count", "op": "range", "lo": -1.0, "hi": 1.0}, {"attr": "fare_amount", "op": "range", "lo": 12.8, "hi": 49.9}], "most_selective_attr": "DOLocationID"}
r	{"filters": [{"attr": "DOLocationID", "op": "eq", "value": 107}, {"attr": "tpep_pickup_datetime", "op": "range", "lo": 1740599340, "hi": 1759179120}, {"attr": "passenger_count", "op": "range", "lo": 1.0, "hi": 1.01}], "most_selective_attr": "DOLocationID"}
r	{"filters": [{"attr": "DOLocationID", "op": "eq", "value": 68}, {"attr": "fare_amount", "op": "range", "lo": 8.6, "hi": 23.3}, {"attr": "passenger_count", "op": "range", "lo": -1.0, "hi": 1.0}], "most_selective_attr": "DOLocationID"}
r	{"filters": [{"attr": "DOLocationID", "op": "eq", "value": 236}, {"attr": "fare_amount", "op": "range", "lo": 21.2, "hi": 54.1}, {"attr": "passenger_count", "op": "range", "lo": 1.0, "hi": 1.01}], "most_selective_attr": "DOLocationID"}
r	{"filters": [{"attr": "PULocationID", "op": "eq", "value": 68}, {"attr": "tpep_pickup_datetime", "op": "range", "lo": 1731099014, "hi": 1760285976}, {"attr": "tpep_dropoff_datetime", "op": "range", "lo": 1726079564, "hi": 1744423531}], "most_selective_attr": "PULocationID"}
r	{"filters": [{"attr": "passenger_count", "op": "range", "lo": 1.0, "hi": 1.01}, {"attr": "fare_amount", "op": "range", "lo": -13.5, "hi": 5.8}, {"attr": "tpep_dropoff_datetime", "op": "range", "lo": 1723258274, "hi": 1732794722}], "most_selective_attr": "fare_amount"}
r	{"filters": [{"attr": "tpep_pickup_datetime", "op": "range", "lo": 1750698680, "hi": 1761158292}, {"attr": "fare_amount", "op": "range", "lo": 6.5, "hi": 7.9}, {"attr": "tpep_dropoff_datetime", "op": "range", "lo": 1745082941, "hi": 1754523807}], "most_selective_attr": "fare_amount"}
r	{"filters": [{"attr": "PULocationID", "op": "eq", "value": 48}, {"attr": "fare_amount", "op": "range", "lo": 7.2, "hi": 17.7}, {"attr": "passenger_count", "op": "range", "lo": 1.0, "hi": 1.01}], "most_selective_attr": "PULocationID"}
r	{"filters": [{"attr": "DOLocationID", "op": "eq", "value": 262}, {"attr": "fare_amount", "op": "range", "lo": 14.75, "hi": 134.3}, {"attr": "passenger_count", "op": "range", "lo": 1.0, "hi": 2.0}], "most_selective_attr": "DOLocationID"}
r	{"filters": [{"attr": "DOLocationID", "op": "eq", "value": 113}, {"attr": "tpep_pickup_datetime", "op": "range", "lo": 1740765915, "hi": 1765895866}, {"attr": "passenger_count", "op": "range", "lo": 1.0, "hi": 3.0}], "most_selective_attr": "DOLocationID"}
r	{"filters": [{"attr": "tpep_dropoff_datetime", "op": "range", "lo": 1740771841, "hi": 1746174948}, {"attr": "passenger_count", "op": "range", "lo": 1.0, "hi": 1.01}, {"attr": "fare_amount", "op": "range", "lo": 9.3, "hi": 11.4}], "most_selective_attr": "tpep_dropoff_datetime"}
r	{"filters": [{"attr": "PULocationID", "op": "eq", "value": 262}, {"attr": "tpep_dropoff_datetime", "op": "range", "lo": 1724099058, "hi": 1762873860}, {"attr": "fare_amount", "op": "range", "lo": 7.2, "hi": 25.4}], "most_selective_attr": "PULocationID"}
r	{"filters": [{"attr": "PULocationID", "op": "eq", "value": 79}, {"attr": "passenger_count", "op": "range", "lo": 1.0, "hi": 1.01}, {"attr": "fare_amount", "op": "range", "lo": 10.7, "hi": 39.41}], "most_selective_attr": "PULocationID"}
r	{"filters": [{"attr": "DOLocationID", "op": "eq", "value": 162}, {"attr": "fare_amount", "op": "range", "lo": 8.6, "hi": 12.8}, {"attr": "passenger_count", "op": "range", "lo": 1.0, "hi": 1.01}], "most_selective_attr": "DOLocationID"}
r	{"filters": [{"attr": "PULocationID", "op": "eq", "value": 230}, {"attr": "fare_amount", "op": "range", "lo": 10.97, "hi": 19.1}, {"attr": "tpep_pickup_datetime", "op": "range", "lo": 1715892875, "hi": 1734095106}], "most_selective_attr": "PULocationID"}
r	{"filters": [{"attr": "passenger_count", "op": "range", "lo": 2.0, "hi": 2.01}, {"attr": "tpep_dropoff_datetime", "op": "range", "lo": 1707119443, "hi": 1722616871}, {"attr": "fare_amount", "op": "range", "lo": 11.4, "hi": 15.37}], "most_selective_attr": "passenger_count"}
r	{"filters": [{"attr": "PULocationID", "op": "eq", "value": 164}, {"attr": "passenger_count", "op": "range", "lo": 1.0, "hi": 1.01}, {"attr": "tpep_dropoff_datetime", "op": "range", "lo": 1724283432, "hi": 1743853947}], "most_selective_attr": "PULocationID"}
r	{"filters": [{"attr": "DOLocationID", "op": "eq", "value": 249}, {"attr": "fare_amount", "op": "range", "lo": 10.0, "hi": 70.0}, {"attr": "passenger_count", "op": "range", "lo": 1.0, "hi": 1.01}], "most_selective_attr": "DOLocationID"}
r	{"filters": [{"attr": "DOLocationID", "op": "eq", "value": 230}, {"attr": "fare_amount", "op": "range", "lo": 17.7, "hi": 70.0}, {"attr": "tpep_dropoff_datetime", "op": "range", "lo": 1739812776, "hi": 1751143026}], "most_selective_attr": "DOLocationID"}
r	{"filters": [{"attr": "DOLocationID", "op": "eq", "value": 43}, {"attr": "fare_amount", "op": "range", "lo": 16.4, "hi": 81.1}, {"attr": "passenger_count", "op": "range", "lo": 1.0, "hi": 5.0}], "most_selective_attr": "DOLocationID"}
r	{"filters": [{"attr": "tpep_pickup_datetime", "op": "range", "lo": 1735034706, "hi": 1744555753}, {"attr": "tpep_dropoff_datetime", "op": "range", "lo": 1718059177, "hi": 1738767614}, {"attr": "fare_amount", "op": "range", "lo": 18.44, "hi": 24.7}], "most_selective_attr": "fare_amount"}
r	{"filters": [{"attr": "passenger_count", "op": "range", "lo": -1.0, "hi": 1.0}, {"attr": "fare_amount", "op": "range", "lo": 15.6, "hi": 19.1}, {"attr": "tpep_pickup_datetime", "op": "range", "lo": 1726657707, "hi": 1739304192}], "most_selective_attr": "fare_amount"}
r	{"filters": [{"attr": "fare_amount", "op": "range", "lo": -4.75, "hi": 7.9}, {"attr": "passenger_count", "op": "range", "lo": -1.0, "hi": 1.0}, {"attr": "tpep_pickup_datetime", "op": "range", "lo": 1711053801, "hi": 1718870419}], "most_selective_attr": "tpep_pickup_datetime"}
r	{"filters": [{"attr": "PULocationID", "op": "eq", "value": 114}, {"attr": "tpep_dropoff_datetime", "op": "range", "lo": 1724688871, "hi": 1754571764}, {"attr": "tpep_pickup_datetime", "op": "range", "lo": 1720647722, "hi": 1760993067}], "most_selective_attr": "PULocationID"}
r	{"filters": [{"attr": "PULocationID", "op": "eq", "value": 132}, {"attr": "tpep_pickup_datetime", "op": "range", "lo": 1726853686, "hi": 1746727974}, {"attr": "passenger_count", "op": "range", "lo": 1.0, "hi": 1.01}], "most_selective_attr": "PULocationID"}
r	{"filters": [{"attr": "DOLocationID", "op": "eq", "value": 79}, {"attr": "passenger_count", "op": "range", "lo": -1.0, "hi": 1.0}, {"attr": "fare_amount", "op": "range", "lo": 9.3, "hi": 70.0}], "most_selective_attr": "DOLocationID"}
r	{"filters": [{"attr": "DOLocationID", "op": "eq", "value": 163}, {"attr": "tpep_pickup_datetime", "op": "range", "lo": 1713320544, "hi": 1744142222}, {"attr": "passenger_count", "op": "range", "lo": -1.0, "hi": 1.0}], "most_selective_attr": "DOLocationID"}
r	{"filters": [{"attr": "PULocationID", "op": "eq", "value": 68}, {"attr": "passenger_count", "op": "range", "lo": 1.0, "hi": 1.01}, {"attr": "fare_amount", "op": "range", "lo": 14.9, "hi": 70.0}], "most_selective_attr": "PULocationID"}
r	{"filters": [{"attr": "PULocationID", "op": "eq", "value": 48}, {"attr": "tpep_dropoff_datetime", "op": "range", "lo": 1726581140, "hi": 1743939202}, {"attr": "fare_amount", "op": "range", "lo": 5.8, "hi": 18.4}], "most_selective_attr": "PULocationID"}
r	{"filters": [{"attr": "DOLocationID", "op": "eq", "value": 79}, {"attr": "tpep_dropoff_datetime", "op": "range", "lo": 1712517219, "hi": 1749425531}, {"attr": "tpep_pickup_datetime", "op": "range", "lo": 1708763755, "hi": 1740039207}], "most_selective_attr": "DOLocationID"}
r	{"filters": [{"attr": "DOLocationID", "op": "eq", "value": 68}, {"attr": "fare_amount", "op": "range", "lo": 8.6, "hi": 17.7}, {"attr": "tpep_pickup_datetime", "op": "range", "lo": 1740691412, "hi": 1754611617}], "most_selective_attr": "DOLocationID"}
r	{"filters": [{"attr": "DOLocationID", "op": "eq", "value": 233}, {"attr": "fare_amount", "op": "range", "lo": 7.2, "hi": 27.63}, {"attr": "passenger_count", "op": "range", "lo": -1.0, "hi": 1.0}], "most_selective_attr": "DOLocationID"}
r	{"filters": [{"attr": "tpep_dropoff_datetime", "op": "range", "lo": 1746725944, "hi": 1755960931}, {"attr": "passenger_count", "op": "range", "lo": 1.0, "hi": 1.01}, {"attr": "tpep_pickup_datetime", "op": "range", "lo": 1737626846, "hi": 1747254188}], "most_selective_attr": "tpep_dropoff_datetime"}
r	{"filters": [{"attr": "fare_amount", "op": "range", "lo": 24.7, "hi": 40.8}, {"attr": "tpep_dropoff_datetime", "op": "range", "lo": 1724174511, "hi": 1731006736}, {"attr": "passenger_count", "op": "range", "lo": 1.0, "hi": 1.01}], "most_selective_attr": "tpep_dropoff_datetime"}
r	{"filters": [{"attr": "DOLocationID", "op": "eq", "value": 79}, {"attr": "passenger_count", "op": "range", "lo": -1.0, "hi": 1.0}, {"attr": "tpep_dropoff_datetime", "op": "range", "lo": 1706040430, "hi": 1745392925}], "most_selective_attr": "DOLocationID"}
r	{"filters": [{"attr": "DOLocationID", "op": "eq", "value": 164}, {"attr": "fare_amount", "op": "range", "lo": 10.0, "hi": 41.31}, {"attr": "passenger_count", "op": "range", "lo": 1.0, "hi": 1.01}], "most_selective_attr": "DOLocationID"}
r	{"filters": [{"attr": "DOLocationID", "op": "eq", "value": 113}, {"attr": "fare_amount", "op": "range", "lo": 5.8, "hi": 46.4}, {"attr": "passenger_count", "op": "range", "lo": 1.0, "hi": 2.0}], "most_selective_attr": "DOLocationID"}
r	{"filters": [{"attr": "PULocationID", "op": "eq", "value": 239}, {"attr": "fare_amount", "op": "range", "lo": 9.3, "hi": 19.8}, {"attr": "tpep_pickup_datetime", "op": "range", "lo": 1735664253, "hi": 1763077607}], "most_selective_attr": "PULocationID"}
r	{"filters": [{"attr": "passenger_count", "op": "range", "lo": 1.0, "hi": 2.0}, {"attr": "tpep_pickup_datetime", "op": "range", "lo": 1713398381, "hi": 1725963277}, {"attr": "tpep_dropoff_datetime", "op": "range", "lo": 1725484747, "hi": 1740915526}], "most_selective_attr": "tpep_pickup_datetime"}
r	{"filters": [{"attr": "PULocationID", "op": "eq", "value": 238}, {"attr": "tpep_dropoff_datetime", "op": "range", "lo": 1707611384, "hi": 1745126259}, {"attr": "passenger_count", "op": "range", "lo": -1.0, "hi": 1.0}], "most_selective_attr": "PULocationID"}
r	{"filters": [{"attr": "PULocationID", "op": "eq", "value": 144}, {"attr": "tpep_pickup_datetime", "op": "range", "lo": 1708345473, "hi": 1735483221}, {"attr": "tpep_dropoff_datetime", "op": "range", "lo": 1709487845, "hi": 1737822820}], "most_selective_attr": "PULocationID"}
r	{"filters": [{"attr": "DOLocationID", "op": "eq", "value": 158}, {"attr": "passenger_count", "op": "range", "lo": -1.0, "hi": 1.0}, {"attr": "fare_amount", "op": "range", "lo": -101.0, "hi": 19.9}], "most_selective_attr": "DOLocationID"}
r	{"filters": [{"attr": "DOLocationID", "op": "eq", "value": 90}, {"attr": "passenger_count", "op": "range", "lo": -1.0, "hi": 2.0}, {"attr": "fare_amount", "op": "range", "lo": 11.4, "hi": 24.7}], "most_selective_attr": "DOLocationID"}
r	{"filters": [{"attr": "passenger_count", "op": "range", "lo": 2.0, "hi": 4.0}, {"attr": "tpep_pickup_datetime", "op": "range", "lo": 1711494093, "hi": 1718650920}, {"attr": "tpep_dropoff_datetime", "op": "range", "lo": 1716476675, "hi": 1737570421}], "most_selective_attr": "tpep_pickup_datetime"}
r	{"filters": [{"attr": "DOLocationID", "op": "eq", "value": 48}, {"attr": "passenger_count", "op": "range", "lo": 1.0, "hi": 1.01}, {"attr": "tpep_dropoff_datetime", "op": "range", "lo": 1707509169, "hi": 1734543269}], "most_selective_attr": "DOLocationID"}
r	{"filters": [{"attr": "PULocationID", "op": "eq", "value": 143}, {"attr": "passenger_count", "op": "range", "lo": -1.0, "hi": 5.0}, {"attr": "fare_amount", "op": "range", "lo": 7.3, "hi": 17.0}], "most_selective_attr": "PULocationID"}
r	{"filters": [{"attr": "tpep_pickup_datetime", "op": "range", "lo": 1719528544, "hi": 1734678463}, {"attr": "passenger_count", "op": "range", "lo": -1.0, "hi": 1.0}, {"attr": "fare_amount", "op": "range", "lo": 10.7, "hi": 15.6}], "most_selective_attr": "passenger_count"}
r	{"filters": [{"attr": "tpep_dropoff_datetime", "op": "range", "lo": 1735204268, "hi": 1749778609}, {"attr": "tpep_pickup_datetime", "op": "range", "lo": 1722123589, "hi": 1740217845}, {"attr": "fare_amount", "op": "range", "lo": 0.27, "hi": 6.5}], "most_selective_attr": "fare_amount"}
r	{"filters": [{"attr": "PULocationID", "op": "eq", "value": 158}, {"attr": "passenger_count", "op": "range", "lo": -1.0, "hi": 1.0}, {"attr": "fare_amount", "op": "range", "lo": -4.75, "hi": 70.0}], "most_selective_attr": "PULocationID"}
r	{"filters": [{"attr": "DOLocationID", "op": "eq", "value": 75}, {"attr": "tpep_pickup_datetime", "op": "range", "lo": 1713219732, "hi": 1765814716}, {"attr": "fare_amount", "op": "range", "lo": 12.8, "hi": 23.3}], "most_selective_attr": "DOLocationID"}
r	{"filters": [{"attr": "passenger_count", "op": "range", "lo": 1.0, "hi": 1.01}, {"attr": "tpep_dropoff_datetime", "op": "range", "lo": 1752336108, "hi": 1765747633}, {"attr": "fare_amount", "op": "range", "lo": 21.9, "hi": 26.1}], "most_selective_attr": "fare_amount"}
r	{"filters": [{"attr": "DOLocationID", "op": "eq", "value": 143}, {"attr": "tpep_dropoff_datetime", "op": "range", "lo": 1729981882, "hi": 1758720081}, {"attr": "fare_amount", "op": "range", "lo": -4.75, "hi": 20.74}], "most_selective_attr": "DOLocationID"}
r	{"filters": [{"attr": "fare_amount", "op": "range", "lo": 24.7, "hi": 40.1}, {"attr": "passenger_count", "op": "range", "lo": 1.0, "hi": 1.01}, {"attr": "tpep_pickup_datetime", "op": "range", "lo": 1733940225, "hi": 1741371627}], "most_selective_attr": "tpep_pickup_datetime"}
r	{"filters": [{"attr": "DOLocationID", "op": "eq", "value": 231}, {"attr": "tpep_pickup_datetime", "op": "range", "lo": 1729334529, "hi": 1765225003}, {"attr": "tpep_dropoff_datetime", "op": "range", "lo": 1713256319, "hi": 1753869713}], "most_selective_attr": "DOLocationID"}
r	{"filters": [{"attr": "PULocationID", "op": "eq", "value": 233}, {"attr": "tpep_pickup_datetime", "op": "range", "lo": 1726796148, "hi": 1759856869}, {"attr": "passenger_count", "op": "range", "lo": -1.0, "hi": 2.0}], "most_selective_attr": "PULocationID"}
r	{"filters": [{"attr": "DOLocationID", "op": "eq", "value": 143}, {"attr": "passenger_count", "op": "range", "lo": -1.0, "hi": 1.0}, {"attr": "tpep_pickup_datetime", "op": "range", "lo": 1709309012, "hi": 1760021286}], "most_selective_attr": "DOLocationID"}
r	{"filters": [{"attr": "PULocationID", "op": "eq", "value": 229}, {"attr": "tpep_dropoff_datetime", "op": "range", "lo": 1745171457, "hi": 1766037801}, {"attr": "passenger_count", "op": "range", "lo": 1.0, "hi": 1.01}], "most_selective_attr": "PULocationID"}
r	{"filters": [{"attr": "PULocationID", "op": "eq", "value": 170}, {"attr": "tpep_dropoff_datetime", "op": "range", "lo": 1738460557, "hi": 1759769371}, {"attr": "passenger_count", "op": "range", "lo": 1.0, "hi": 1.01}], "most_selective_attr": "PULocationID"}
r	{"filters": [{"attr": "DOLocationID", "op": "eq", "value": 68}, {"attr": "tpep_pickup_datetime", "op": "range", "lo": 1710159314, "hi": 1752286620}, {"attr": "fare_amount", "op": "range", "lo": 11.4, "hi": 19.1}], "most_selective_attr": "DOLocationID"}
r	{"filters": [{"attr": "PULocationID", "op": "eq", "value": 48}, {"attr": "passenger_count", "op": "range", "lo": 1.0, "hi": 1.01}, {"attr": "tpep_dropoff_datetime", "op": "range", "lo": 1718505851, "hi": 1742932396}], "most_selective_attr": "PULocationID"}
r	{"filters": [{"attr": "DOLocationID", "op": "eq", "value": 43}, {"attr": "tpep_dropoff_datetime", "op": "range", "lo": 1725751423, "hi": 1759878045}, {"attr": "passenger_count", "op": "range", "lo": -1.0, "hi": 5.0}], "most_selective_attr": "DOLocationID"}
r	{"filters": [{"attr": "passenger_count", "op": "range", "lo": 1.0, "hi": 1.01}, {"attr": "tpep_dropoff_datetime", "op": "range", "lo": 1743158110, "hi": 1749864264}, {"attr": "fare_amount", "op": "range", "lo": 17.7, "hi": 22.6}], "most_selective_attr": "fare_amount"}
r	{"filters": [{"attr": "PULocationID", "op": "eq", "value": 79}, {"attr": "tpep_pickup_datetime", "op": "range", "lo": 1739553113, "hi": 1756249387}, {"attr": "tpep_dropoff_datetime", "op": "range", "lo": 1729162350, "hi": 1748431926}], "most_selective_attr": "PULocationID"}
r	{"filters": [{"attr": "DOLocationID", "op": "eq", "value": 238}, {"attr": "fare_amount", "op": "range", "lo": 17.7, "hi": 58.44}, {"attr": "tpep_dropoff_datetime", "op": "range", "lo": 1727639620, "hi": 1765128125}], "most_selective_attr": "DOLocationID"}
r	{"filters": [{"attr": "PULocationID", "op": "eq", "value": 238}, {"attr": "tpep_pickup_datetime", "op": "range", "lo": 1723555661, "hi": 1762020086}, {"attr": "passenger_count", "op": "range", "lo": 1.0, "hi": 2.0}], "most_selective_attr": "PULocationID"}
r	{"filters": [{"attr": "tpep_dropoff_datetime", "op": "range", "lo": 1727453135, "hi": 1743103541}, {"attr": "fare_amount", "op": "range", "lo": 10.0, "hi": 12.1}, {"attr": "tpep_pickup_datetime", "op": "range", "lo": 1718981135, "hi": 1729267233}], "most_selective_attr": "fare_amount"}
r	{"filters": [{"attr": "fare_amount", "op": "range", "lo": 12.1, "hi": 18.4}, {"attr": "tpep_pickup_datetime", "op": "range", "lo": 1718552161, "hi": 1728826491}, {"attr": "passenger_count", "op": "range", "lo": -1.0, "hi": 1.0}], "most_selective_attr": "tpep_pickup_datetime"}
r	{"filters": [{"attr": "PULocationID", "op": "eq", "value": 164}, {"attr": "fare_amount", "op": "range", "lo": 19.8, "hi": 30.3}, {"attr": "passenger_count", "op": "range", "lo": 1.0, "hi": 2.0}], "most_selective_attr": "PULocationID"}
r	{"filters": [{"attr": "DOLocationID", "op": "eq", "value": 164}, {"attr": "tpep_pickup_datetime", "op": "range", "lo": 1707205653, "hi": 1742031643}, {"attr": "passenger_count", "op": "range", "lo": -1.0, "hi": 1.0}], "most_selective_attr": "DOLocationID"}
r	{"filters": [{"attr": "PULocationID", "op": "eq", "value": 79}, {"attr": "tpep_pickup_datetime", "op": "range", "lo": 1738496688, "hi": 1765047798}, {"attr": "fare_amount", "op": "range", "lo": 6.5, "hi": 10.7}], "most_selective_attr": "PULocationID"}
r	{"filters": [{"attr": "PULocationID", "op": "eq", "value": 79}, {"attr": "tpep_pickup_datetime", "op": "range", "lo": 1714766431, "hi": 1733192667}, {"attr": "tpep_dropoff_datetime", "op": "range", "lo": 1714178648, "hi": 1734202920}], "most_selective_attr": "PULocationID"}
r	{"filters": [{"attr": "DOLocationID", "op": "eq", "value": 161}, {"attr": "tpep_dropoff_datetime", "op": "range", "lo": 1754254387, "hi": 1763053867}, {"attr": "fare_amount", "op": "range", "lo": 10.7, "hi": 21.3}], "most_selective_attr": "DOLocationID"}
r	{"filters": [{"attr": "DOLocationID", "op": "eq", "value": 68}, {"attr": "tpep_pickup_datetime", "op": "range", "lo": 1724265020, "hi": 1749065821}, {"attr": "passenger_count", "op": "range", "lo": 1.0, "hi": 1.01}], "most_selective_attr": "DOLocationID"}
r	{"filters": [{"attr": "tpep_pickup_datetime", "op": "range", "lo": 1737742140, "hi": 1747334061}, {"attr": "fare_amount", "op": "range", "lo": 7.9, "hi": 13.5}, {"attr": "passenger_count", "op": "range", "lo": -1.0, "hi": -0.99}], "most_selective_attr": "tpep_pickup_datetime"}
r	{"filters": [{"attr": "PULocationID", "op": "eq", "value": 186}, {"attr": "passenger_count", "op": "range", "lo": 1.0, "hi": 1.01}, {"attr": "tpep_dropoff_datetime", "op": "range", "lo": 1707588068, "hi": 1726596473}], "most_selective_attr": "PULocationID"}
r	{"filters": [{"attr": "PULocationID", "op": "eq", "value": 90}, {"attr": "fare_amount", "op": "range", "lo": 8.6, "hi": 70.0}, {"attr": "tpep_dropoff_datetime", "op": "range", "lo": 1723766651, "hi": 1759829438}], "most_selective_attr": "PULocationID"}
r	{"filters": [{"attr": "passenger_count", "op": "range", "lo": -1.0, "hi": 1.0}, {"attr": "tpep_pickup_datetime", "op": "range", "lo": 1750256318, "hi": 1760886986}, {"attr": "fare_amount", "op": "range", "lo": 7.2, "hi": 12.8}], "most_selective_attr": "tpep_pickup_datetime"}
r	{"filters": [{"attr": "PULocationID", "op": "eq", "value": 142}, {"attr": "passenger_count", "op": "range", "lo": 1.0, "hi": 1.01}, {"attr": "tpep_dropoff_datetime", "op": "range", "lo": 1711240941, "hi": 1739960778}], "most_selective_attr": "PULocationID"}
r	{"filters": [{"attr": "PULocationID", "op": "eq", "value": 229}, {"attr": "tpep_dropoff_datetime", "op": "range", "lo": 1726474348, "hi": 1752798539}, {"attr": "fare_amount", "op": "range", "lo": 9.3, "hi": 12.8}], "most_selective_attr": "PULocationID"}
r	{"filters": [{"attr": "PULocationID", "op": "eq", "value": 79}, {"attr": "passenger_count", "op": "range", "lo": 1.0, "hi": 2.0}, {"attr": "tpep_dropoff_datetime", "op": "range", "lo": 1742602227, "hi": 1766774758}], "most_selective_attr": "PULocationID"}
r	{"filters": [{"attr": "DOLocationID", "op": "eq", "value": 68}, {"attr": "tpep_dropoff_datetime", "op": "range", "lo": 1725439338, "hi": 1751748786}, {"attr": "tpep_pickup_datetime", "op": "range", "lo": 1731942067, "hi": 1755181747}], "most_selective_attr": "DOLocationID"}
r	{"filters": [{"attr": "DOLocationID", "op": "eq", "value": 138}, {"attr": "tpep_dropoff_datetime", "op": "range", "lo": 1709968385, "hi": 1748990832}, {"attr": "tpep_pickup_datetime", "op": "range", "lo": 1718884582, "hi": 1740849435}], "most_selective_attr": "DOLocationID"}
r	{"filters": [{"attr": "passenger_count", "op": "range", "lo": 2.0, "hi": 4.0}, {"attr": "fare_amount", "op": "range", "lo": 5.1, "hi": 9.3}, {"attr": "tpep_dropoff_datetime", "op": "range", "lo": 1756311401, "hi": 1765874594}], "most_selective_attr": "passenger_count"}
r	{"filters": [{"attr": "DOLocationID", "op": "eq", "value": 137}, {"attr": "tpep_dropoff_datetime", "op": "range", "lo": 1712664452, "hi": 1756594289}, {"attr": "fare_amount", "op": "range", "lo": 8.6, "hi": 33.8}], "most_selective_attr": "DOLocationID"}
r	{"filters": [{"attr": "PULocationID", "op": "eq", "value": 132}, {"attr": "tpep_pickup_datetime", "op": "range", "lo": 1704826254, "hi": 1724912841}, {"attr": "tpep_dropoff_datetime", "op": "range", "lo": 1716372535, "hi": 1736586492}], "most_selective_attr": "PULocationID"}
r	{"filters": [{"attr": "DOLocationID", "op": "eq", "value": 141}, {"attr": "passenger_count", "op": "range", "lo": 1.0, "hi": 5.0}, {"attr": "tpep_pickup_datetime", "op": "range", "lo": 1717708690, "hi": 1733877817}], "most_selective_attr": "DOLocationID"}
r	{"filters": [{"attr": "PULocationID", "op": "eq", "value": 170}, {"attr": "tpep_pickup_datetime", "op": "range", "lo": 1713423119, "hi": 1740773869}, {"attr": "tpep_dropoff_datetime", "op": "range", "lo": 1726820213, "hi": 1755912228}], "most_selective_attr": "PULocationID"}
r	{"filters": [{"attr": "PULocationID", "op": "eq", "value": 237}, {"attr": "tpep_pickup_datetime", "op": "range", "lo": 1737053410, "hi": 1763111680}, {"attr": "fare_amount", "op": "range", "lo": -1.5, "hi": 10.15}], "most_selective_attr": "PULocationID"}
r	{"filters": [{"attr": "DOLocationID", "op": "eq", "value": 141}, {"attr": "tpep_dropoff_datetime", "op": "range", "lo": 1713134595, "hi": 1755734826}, {"attr": "tpep_pickup_datetime", "op": "range", "lo": 1750188590, "hi": 1763900779}], "most_selective_attr": "DOLocationID"}
r	{"filters": [{"attr": "PULocationID", "op": "eq", "value": 229}, {"attr": "fare_amount", "op": "range", "lo": 14.2, "hi": 70.0}, {"attr": "passenger_count", "op": "range", "lo": 1.0, "hi": 2.0}], "most_selective_attr": "PULocationID"}
r	{"filters": [{"attr": "PULocationID", "op": "eq", "value": 162}, {"attr": "passenger_count", "op": "range", "lo": 1.0, "hi": 1.01}, {"attr": "tpep_pickup_datetime", "op": "range", "lo": 1738921383, "hi": 1761069449}], "most_selective_attr": "PULocationID"}
r	{"filters": [{"attr": "PULocationID", "op": "eq", "value": 170}, {"attr": "passenger_count", "op": "range", "lo": -1.0, "hi": 1.0}, {"attr": "tpep_dropoff_datetime", "op": "range", "lo": 1716762254, "hi": 1750872514}], "most_selective_attr": "PULocationID"}
r	{"filters": [{"attr": "PULocationID", "op": "eq", "value": 164}, {"attr": "tpep_pickup_datetime", "op": "range", "lo": 1711720319, "hi": 1746633083}, {"attr": "passenger_count", "op": "range", "lo": -1.0, "hi": 1.0}], "most_selective_attr": "PULocationID"}
r	{"filters": [{"attr": "PULocationID", "op": "eq", "value": 158}, {"attr": "tpep_dropoff_datetime", "op": "range", "lo": 1734651556, "hi": 1757320403}, {"attr": "tpep_pickup_datetime", "op": "range", "lo": 1739388605, "hi": 1762466394}], "most_selective_attr": "PULocationID"}
r	{"filters": [{"attr": "DOLocationID", "op": "eq", "value": 137}, {"attr": "passenger_count", "op": "range", "lo": 1.0, "hi": 2.0}, {"attr": "fare_amount", "op": "range", "lo": 14.2, "hi": 29.6}], "most_selective_attr": "DOLocationID"}
r	{"filters": [{"attr": "PULocationID", "op": "eq", "value": 186}, {"attr": "fare_amount", "op": "range", "lo": 7.9, "hi": 17.7}, {"attr": "tpep_dropoff_datetime", "op": "range", "lo": 1740251422, "hi": 1763790154}], "most_selective_attr": "PULocationID"}
r	{"filters": [{"attr": "DOLocationID", "op": "eq", "value": 162}, {"attr": "tpep_dropoff_datetime", "op": "range", "lo": 1722510897, "hi": 1756810932}, {"attr": "tpep_pickup_datetime", "op": "range", "lo": 1726394127, "hi": 1748713899}], "most_selective_attr": "DOLocationID"}
r	{"filters": [{"attr": "passenger_count", "op": "range", "lo": -1.0, "hi": 1.0}, {"attr": "tpep_pickup_datetime", "op": "range", "lo": 1731837216, "hi": 1742066885}, {"attr": "fare_amount", "op": "range", "lo": 10.0, "hi": 16.3}], "most_selective_attr": "tpep_pickup_datetime"}
r	{"filters": [{"attr": "DOLocationID", "op": "eq", "value": 231}, {"attr": "fare_amount", "op": "range", "lo": 5.8, "hi": 9.46}, {"attr": "tpep_dropoff_datetime", "op": "range", "lo": 1714696240, "hi": 1765185871}], "most_selective_attr": "DOLocationID"}
r	{"filters": [{"attr": "PULocationID", "op": "eq", "value": 79}, {"attr": "passenger_count", "op": "range", "lo": 1.0, "hi": 2.0}, {"attr": "fare_amount", "op": "range", "lo": 8.6, "hi": 15.1}], "most_selective_attr": "PULocationID"}
r	{"filters": [{"attr": "DOLocationID", "op": "eq", "value": 234}, {"attr": "tpep_pickup_datetime", "op": "range", "lo": 1732403326, "hi": 1764264142}, {"attr": "passenger_count", "op": "range", "lo": 1.0, "hi": 1.01}], "most_selective_attr": "DOLocationID"}
r	{"filters": [{"attr": "DOLocationID", "op": "eq", "value": 238}, {"attr": "fare_amount", "op": "range", "lo": 10.7, "hi": 21.2}, {"attr": "tpep_pickup_datetime", "op": "range", "lo": 1726273915, "hi": 1763046202}], "most_selective_attr": "DOLocationID"}
r	{"filters": [{"attr": "PULocationID", "op": "eq", "value": 170}, {"attr": "passenger_count", "op": "range", "lo": 1.0, "hi": 2.0}, {"attr": "tpep_pickup_datetime", "op": "range", "lo": 1724452795, "hi": 1742563385}], "most_selective_attr": "PULocationID"}
r	{"filters": [{"attr": "fare_amount", "op": "range", "lo": 16.3, "hi": 52.0}, {"attr": "passenger_count", "op": "range", "lo": 2.0, "hi": 2.01}, {"attr": "tpep_dropoff_datetime", "op": "range", "lo": 1748101162, "hi": 1758743810}], "most_selective_attr": "passenger_count"}
r	{"filters": [{"attr": "fare_amount", "op": "range", "lo": 14.9, "hi": 24.7}, {"attr": "passenger_count", "op": "range", "lo": -1.0, "hi": -0.99}, {"attr": "tpep_dropoff_datetime", "op": "range", "lo": 1721259833, "hi": 1730747513}], "most_selective_attr": "tpep_dropoff_datetime"}
r	{"filters": [{"attr": "PULocationID", "op": "eq", "value": 43}, {"attr": "fare_amount", "op": "range", "lo": 10.7, "hi": 31.7}, {"attr": "passenger_count", "op": "range", "lo": -1.0, "hi": 2.0}], "most_selective_attr": "PULocationID"}
r	{"filters": [{"attr": "DOLocationID", "op": "eq", "value": 137}, {"attr": "passenger_count", "op": "range", "lo": -1.0, "hi": 2.0}, {"attr": "tpep_dropoff_datetime", "op": "range", "lo": 1711139764, "hi": 1755070001}], "most_selective_attr": "DOLocationID"}
r	{"filters": [{"attr": "PULocationID", "op": "eq", "value": 170}, {"attr": "tpep_dropoff_datetime", "op": "range", "lo": 1736425443, "hi": 1766146602}, {"attr": "passenger_count", "op": "range", "lo": -1.0, "hi": 1.0}], "most_selective_attr": "PULocationID"}
r	{"filters": [{"attr": "PULocationID", "op": "eq", "value": 107}, {"attr": "passenger_count", "op": "range", "lo": -1.0, "hi": 1.0}, {"attr": "fare_amount", "op": "range", "lo": 7.2, "hi": 28.2}], "most_selective_attr": "PULocationID"}
r	{"filters": [{"attr": "DOLocationID", "op": "eq", "value": 79}, {"attr": "tpep_pickup_datetime", "op": "range", "lo": 1726701367, "hi": 1749930033}, {"attr": "tpep_dropoff_datetime", "op": "range", "lo": 1729243583, "hi": 1759221774}], "most_selective_attr": "DOLocationID"}
r	{"filters": [{"attr": "DOLocationID", "op": "eq", "value": 132}, {"attr": "passenger_count", "op": "range", "lo": 1.0, "hi": 3.0}, {"attr": "tpep_pickup_datetime", "op": "range", "lo": 1714811605, "hi": 1747827271}], "most_selective_attr": "DOLocationID"}
r	{"filters": [{"attr": "PULocationID", "op": "eq", "value": 142}, {"attr": "fare_amount", "op": "range", "lo": 7.2, "hi": 15.6}, {"attr": "tpep_pickup_datetime", "op": "range", "lo": 1734200220, "hi": 1758960836}], "most_selective_attr": "PULocationID"}
r	{"filters": [{"attr": "DOLocationID", "op": "eq", "value": 113}, {"attr": "tpep_pickup_datetime", "op": "range", "lo": 1707824609, "hi": 1763101824}, {"attr": "fare_amount", "op": "range", "lo": 10.0, "hi": 19.1}], "most_selective_attr": "DOLocationID"}
r	{"filters": [{"attr": "PULocationID", "op": "eq", "value": 238}, {"attr": "fare_amount", "op": "range", "lo": 14.9, "hi": 136.0}, {"attr": "passenger_count", "op": "range", "lo": 1.0, "hi": 2.0}], "most_selective_attr": "PULocationID"}
r	{"filters": [{"attr": "DOLocationID", "op": "eq", "value": 140}, {"attr": "passenger_count", "op": "range", "lo": 1.0, "hi": 2.0}, {"attr": "tpep_dropoff_datetime", "op": "range", "lo": 1719147748, "hi": 1759339542}], "most_selective_attr": "DOLocationID"}
r	{"filters": [{"attr": "PULocationID", "op": "eq", "value": 79}, {"attr": "fare_amount", "op": "range", "lo": -0.4, "hi": 12.1}, {"attr": "passenger_count", "op": "range", "lo": 1.0, "hi": 2.0}], "most_selective_attr": "PULocationID"}
r	{"filters": [{"attr": "tpep_pickup_datetime", "op": "range", "lo": 1740308358, "hi": 1751306056}, {"attr": "tpep_dropoff_datetime", "op": "range", "lo": 1726796589, "hi": 1744033588}, {"attr": "fare_amount", "op": "range", "lo": 17.7, "hi": 19.1}], "most_selective_attr": "fare_amount"}
r	{"filters": [{"attr": "PULocationID", "op": "eq", "value": 107}, {"attr": "tpep_dropoff_datetime", "op": "range", "lo": 1716777047, "hi": 1758741280}, {"attr": "passenger_count", "op": "range", "lo": 1.0, "hi": 2.0}], "most_selective_attr": "PULocationID"}
r	{"filters": [{"attr": "DOLocationID", "op": "eq", "value": 114}, {"attr": "tpep_pickup_datetime", "op": "range", "lo": 1706982712, "hi": 1764971333}, {"attr": "tpep_dropoff_datetime", "op": "range", "lo": 1706226717, "hi": 1762681824}], "most_selective_attr": "DOLocationID"}
r	{"filters": [{"attr": "tpep_dropoff_datetime", "op": "range", "lo": 1730640762, "hi": 1748847528}, {"attr": "fare_amount", "op": "range", "lo": 20.5, "hi": 23.3}, {"attr": "passenger_count", "op": "range", "lo": 1.0, "hi": 1.01}], "most_selective_attr": "fare_amount"}
r	{"filters": [{"attr": "DOLocationID", "op": "eq", "value": 186}, {"attr": "tpep_dropoff_datetime", "op": "range", "lo": 1709420377, "hi": 1740351991}, {"attr": "passenger_count", "op": "range", "lo": -1.0, "hi": 1.0}], "most_selective_attr": "DOLocationID"}
r	{"filters": [{"attr": "PULocationID", "op": "eq", "value": 230}, {"attr": "tpep_pickup_datetime", "op": "range", "lo": 1731424786, "hi": 1755261688}, {"attr": "passenger_count", "op": "range", "lo": 1.0, "hi": 2.0}], "most_selective_attr": "PULocationID"}
r	{"filters": [{"attr": "DOLocationID", "op": "eq", "value": 231}, {"attr": "tpep_pickup_datetime", "op": "range", "lo": 1712852937, "hi": 1729104456}, {"attr": "passenger_count", "op": "range", "lo": 1.0, "hi": 2.0}], "most_selective_attr": "DOLocationID"}
r	{"filters": [{"attr": "PULocationID", "op": "eq", "value": 238}, {"attr": "fare_amount", "op": "range", "lo": 7.2, "hi": 16.3}, {"attr": "tpep_dropoff_datetime", "op": "range", "lo": 1744146750, "hi": 1761117265}], "most_selective_attr": "PULocationID"}
r	{"filters": [{"attr": "PULocationID", "op": "eq", "value": 186}, {"attr": "tpep_pickup_datetime", "op": "range", "lo": 1725648730, "hi": 1754783065}, {"attr": "tpep_dropoff_datetime", "op": "range", "lo": 1735408526, "hi": 1751468256}], "most_selective_attr": "PULocationID"}
r	{"filters": [{"attr": "DOLocationID", "op": "eq", "value": 162}, {"attr": "fare_amount", "op": "range", "lo": 6.5, "hi": 16.3}, {"attr": "tpep_pickup_datetime", "op": "range", "lo": 1704649621, "hi": 1723414289}], "most_selective_attr": "DOLocationID"}
r	{"filters": [{"attr": "DOLocationID", "op": "eq", "value": 163}, {"attr": "tpep_pickup_datetime", "op": "range", "lo": 1725747291, "hi": 1760725438}, {"attr": "tpep_dropoff_datetime", "op": "range", "lo": 1742379856, "hi": 1761297083}], "most_selective_attr": "DOLocationID"}
r	{"filters": [{"attr": "tpep_pickup_datetime", "op": "range", "lo": 1714495372, "hi": 1728299175}, {"attr": "fare_amount", "op": "range", "lo": 17.0, "hi": 22.6}, {"attr": "tpep_dropoff_datetime", "op": "range", "lo": 1726597372, "hi": 1733947873}], "most_selective_attr": "tpep_dropoff_datetime"}
r	{"filters": [{"attr": "DOLocationID", "op": "eq", "value": 237}, {"attr": "fare_amount", "op": "range", "lo": 7.2, "hi": 17.0}, {"attr": "passenger_count", "op": "range", "lo": -1.0, "hi": 1.0}], "most_selective_attr": "DOLocationID"}
r	{"filters": [{"attr": "tpep_pickup_datetime", "op": "range", "lo": 1710008234, "hi": 1722757446}, {"attr": "passenger_count", "op": "range", "lo": 1.0, "hi": 1.01}, {"attr": "fare_amount", "op": "range", "lo": 19.52, "hi": 22.03}], "most_selective_attr": "fare_amount"}
r	{"filters": [{"attr": "DOLocationID", "op": "eq", "value": 236}, {"attr": "fare_amount", "op": "range", "lo": 14.2, "hi": 70.0}, {"attr": "passenger_count", "op": "range", "lo": 1.0, "hi": 1.01}], "most_selective_attr": "DOLocationID"}
r	{"filters": [{"attr": "PULocationID", "op": "eq", "value": 262}, {"attr": "tpep_dropoff_datetime", "op": "range", "lo": 1728734021, "hi": 1762507403}, {"attr": "fare_amount", "op": "range", "lo": 9.3, "hi": 24.7}], "most_selective_attr": "PULocationID"}
r	{"filters": [{"attr": "PULocationID", "op": "eq", "value": 48}, {"attr": "fare_amount", "op": "range", "lo": -22.6, "hi": 8.6}, {"attr": "passenger_count", "op": "range", "lo": 1.0, "hi": 2.0}], "most_selective_attr": "PULocationID"}
r	{"filters": [{"attr": "DOLocationID", "op": "eq", "value": 186}, {"attr": "fare_amount", "op": "range", "lo": 13.5, "hi": 21.2}, {"attr": "tpep_pickup_datetime", "op": "range", "lo": 1716190515, "hi": 1737288475}], "most_selective_attr": "DOLocationID"}
r	{"filters": [{"attr": "fare_amount", "op": "range", "lo": 10.7, "hi": 18.29}, {"attr": "passenger_count", "op": "range", "lo": 2.0, "hi": 4.0}, {"attr": "tpep_pickup_datetime", "op": "range", "lo": 1740774202, "hi": 1750694576}], "most_selective_attr": "passenger_count"}
r	{"filters": [{"attr": "DOLocationID", "op": "eq", "value": 79}, {"attr": "fare_amount", "op": "range", "lo": -1.5, "hi": 21.2}, {"attr": "tpep_pickup_datetime", "op": "range", "lo": 1749248791, "hi": 1762194062}], "most_selective_attr": "DOLocationID"}
r	{"filters": [{"attr": "fare_amount", "op": "range", "lo": -4.75, "hi": 5.8}, {"attr": "tpep_pickup_datetime", "op": "range", "lo": 1743646154, "hi": 1764119154}, {"attr": "passenger_count", "op": "range", "lo": 1.0, "hi": 1.01}], "most_selective_attr": "fare_amount"}
r	{"filters": [{"attr": "PULocationID", "op": "eq", "value": 186}, {"attr": "fare_amount", "op": "range", "lo": 10.7, "hi": 21.2}, {"attr": "tpep_pickup_datetime", "op": "range", "lo": 1707696222, "hi": 1739464304}], "most_selective_attr": "PULocationID"}
r	{"filters": [{"attr": "DOLocationID", "op": "eq", "value": 233}, {"attr": "fare_amount", "op": "range", "lo": 7.2, "hi": 31.7}, {"attr": "tpep_pickup_datetime", "op": "range", "lo": 1743897672, "hi": 1760261960}], "most_selective_attr": "DOLocationID"}
r	{"filters": [{"attr": "tpep_pickup_datetime", "op": "range", "lo": 1750862219, "hi": 1760034751}, {"attr": "passenger_count", "op": "range", "lo": -1.0, "hi": 1.0}, {"attr": "fare_amount", "op": "range", "lo": -4.75, "hi": 7.2}], "most_selective_attr": "fare_amount"}
r	{"filters": [{"attr": "fare_amount", "op": "range", "lo": 6.83, "hi": 11.4}, {"attr": "tpep_dropoff_datetime", "op": "range", "lo": 1746241596, "hi": 1757012788}, {"attr": "passenger_count", "op": "range", "lo": -1.0, "hi": -0.99}], "most_selective_attr": "passenger_count"}
r	{"filters": [{"attr": "PULocationID", "op": "eq", "value": 161}, {"attr": "passenger_count", "op": "range", "lo": 1.0, "hi": 1.01}, {"attr": "tpep_pickup_datetime", "op": "range", "lo": 1705420377, "hi": 1713889918}], "most_selective_attr": "PULocationID"}
r	{"filters": [{"attr": "fare_amount", "op": "range", "lo": 10.0, "hi": 17.7}, {"attr": "tpep_dropoff_datetime", "op": "range", "lo": 1757361366, "hi": 1758622829}, {"attr": "passenger_count", "op": "range", "lo": -1.0, "hi": 1.0}], "most_selective_attr": "tpep_dropoff_datetime"}
r	{"filters": [{"attr": "DOLocationID", "op": "eq", "value": 186}, {"attr": "fare_amount", "op": "range", "lo": 4.4, "hi": 14.75}, {"attr": "tpep_dropoff_datetime", "op": "range", "lo": 1716059455, "hi": 1755954450}], "most_selective_attr": "DOLocationID"}
r	{"filters": [{"attr": "fare_amount", "op": "range", "lo": 14.9, "hi": 21.5}, {"attr": "passenger_count", "op": "range", "lo": 1.0, "hi": 2.0}, {"attr": "tpep_dropoff_datetime", "op": "range", "lo": 1742234722, "hi": 1745446993}], "most_selective_attr": "tpep_dropoff_datetime"}
r	{"filters": [{"attr": "PULocationID", "op": "eq", "value": 113}, {"attr": "tpep_pickup_datetime", "op": "range", "lo": 1708857832, "hi": 1739675384}, {"attr": "tpep_dropoff_datetime", "op": "range", "lo": 1711274217, "hi": 1753558124}], "most_selective_attr": "PULocationID"}
r	{"filters": [{"attr": "PULocationID", "op": "eq", "value": 68}, {"attr": "fare_amount", "op": "range", "lo": 14.2, "hi": 31.03}, {"attr": "passenger_count", "op": "range", "lo": 1.0, "hi": 2.0}], "most_selective_attr": "PULocationID"}
r	{"filters": [{"attr": "DOLocationID", "op": "eq", "value": 132}, {"attr": "tpep_pickup_datetime", "op": "range", "lo": 1704278885, "hi": 1766011510}, {"attr": "passenger_count", "op": "range", "lo": 1.0, "hi": 1.01}], "most_selective_attr": "DOLocationID"}
r	{"filters": [{"attr": "DOLocationID", "op": "eq", "value": 239}, {"attr": "fare_amount", "op": "range", "lo": 12.8, "hi": 26.8}, {"attr": "passenger_count", "op": "range", "lo": 1.0, "hi": 1.01}], "most_selective_attr": "DOLocationID"}
r	{"filters": [{"attr": "tpep_dropoff_datetime", "op": "range", "lo": 1749291070, "hi": 1760738762}, {"attr": "passenger_count", "op": "range", "lo": 1.0, "hi": 1.01}, {"attr": "fare_amount", "op": "range", "lo": 16.5, "hi": 19.8}], "most_selective_attr": "fare_amount"}
r	{"filters": [{"attr": "fare_amount", "op": "range", "lo": 17.7, "hi": 26.1}, {"attr": "tpep_dropoff_datetime", "op": "range", "lo": 1755703502, "hi": 1761160881}, {"attr": "passenger_count", "op": "range", "lo": 1.0, "hi": 1.01}], "most_selective_attr": "tpep_dropoff_datetime"}
r	{"filters": [{"attr": "DOLocationID", "op": "eq", "value": 237}, {"attr": "tpep_pickup_datetime", "op": "range", "lo": 1719600918, "hi": 1730136084}, {"attr": "tpep_dropoff_datetime", "op": "range", "lo": 1720432563, "hi": 1749850963}], "most_selective_attr": "DOLocationID"}
r	{"filters": [{"attr": "PULocationID", "op": "eq", "value": 237}, {"attr": "passenger_count", "op": "range", "lo": -1.0, "hi": 1.0}, {"attr": "fare_amount", "op": "range", "lo": 14.9, "hi": 27.5}], "most_selective_attr": "PULocationID"}
r	{"filters": [{"attr": "PULocationID", "op": "eq", "value": 170}, {"attr": "passenger_count", "op": "range", "lo": -1.0, "hi": 1.0}, {"attr": "fare_amount", "op": "range", "lo": 8.6, "hi": 20.92}], "most_selective_attr": "PULocationID"}
r	{"filters": [{"attr": "DOLocationID", "op": "eq", "value": 239}, {"attr": "tpep_pickup_datetime", "op": "range", "lo": 1747340528, "hi": 1765804864}, {"attr": "tpep_dropoff_datetime", "op": "range", "lo": 1726508193, "hi": 1764578434}], "most_selective_attr": "DOLocationID"}
r	{"filters": [{"attr": "DOLocationID", "op": "eq", "value": 144}, {"attr": "tpep_dropoff_datetime", "op": "range", "lo": 1707430389, "hi": 1767103367}, {"attr": "tpep_pickup_datetime", "op": "range", "lo": 1712730052, "hi": 1752504889}], "most_selective_attr": "DOLocationID"}
r	{"filters": [{"attr": "DOLocationID", "op": "eq", "value": 236}, {"attr": "fare_amount", "op": "range", "lo": 8.6, "hi": 13.5}, {"attr": "tpep_pickup_datetime", "op": "range", "lo": 1725821993, "hi": 1747843522}], "most_selective_attr": "DOLocationID"}
r	{"filters": [{"attr": "passenger_count", "op": "range", "lo": 1.0, "hi": 2.0}, {"attr": "fare_amount", "op": "range", "lo": 5.8, "hi": 7.9}, {"attr": "tpep_pickup_datetime", "op": "range", "lo": 1751108040, "hi": 1759813880}], "most_selective_attr": "fare_amount"}
r	{"filters": [{"attr": "PULocationID", "op": "eq", "value": 143}, {"attr": "fare_amount", "op": "range", "lo": -4.75, "hi": 16.3}, {"attr": "tpep_dropoff_datetime", "op": "range", "lo": 1739802674, "hi": 1766680452}], "most_selective_attr": "PULocationID"}
r	{"filters": [{"attr": "PULocationID", "op": "eq", "value": 161}, {"attr": "passenger_count", "op": "range", "lo": 1.0, "hi": 1.01}, {"attr": "fare_amount", "op": "range", "lo": 10.0, "hi": 13.55}], "most_selective_attr": "PULocationID"}
r	{"filters": [{"attr": "DOLocationID", "op": "eq", "value": 163}, {"attr": "passenger_count", "op": "range", "lo": -1.0, "hi": 1.0}, {"attr": "tpep_dropoff_datetime", "op": "range", "lo": 1729071840, "hi": 1757716681}], "most_selective_attr": "DOLocationID"}
r	{"filters": [{"attr": "DOLocationID", "op": "eq", "value": 141}, {"attr": "fare_amount", "op": "range", "lo": -7.2, "hi": 13.5}, {"attr": "passenger_count", "op": "range", "lo": -1.0, "hi": 1.0}], "most_selective_attr": "DOLocationID"}
r	{"filters": [{"attr": "PULocationID", "op": "eq", "value": 237}, {"attr": "passenger_count", "op": "range", "lo": 1.0, "hi": 1.01}, {"attr": "tpep_dropoff_datetime", "op": "range", "lo": 1707386147, "hi": 1721319378}], "most_selective_attr": "PULocationID"}
r	{"filters": [{"attr": "fare_amount", "op": "range", "lo": 7.9, "hi": 9.3}, {"attr": "tpep_pickup_datetime", "op": "range", "lo": 1744709620, "hi": 1764083429}, {"attr": "passenger_count", "op": "range", "lo": 2.0, "hi": 4.0}], "most_selective_attr": "fare_amount"}
r	{"filters": [{"attr": "fare_amount", "op": "range", "lo": 5.1, "hi": 10.7}, {"attr": "tpep_dropoff_datetime", "op": "range", "lo": 1727735703, "hi": 1731410795}, {"attr": "tpep_pickup_datetime", "op": "range", "lo": 1730147898, "hi": 1737717735}], "most_selective_attr": "tpep_dropoff_datetime"}
r	{"filters": [{"attr": "PULocationID", "op": "eq", "value": 163}, {"attr": "passenger_count", "op": "range", "lo": 1.0, "hi": 2.0}, {"attr": "tpep_dropoff_datetime", "op": "range", "lo": 1716833346, "hi": 1744049944}], "most_selective_attr": "PULocationID"}
r	{"filters": [{"attr": "DOLocationID", "op": "eq", "value": 158}, {"attr": "fare_amount", "op": "range", "lo": 12.1, "hi": 70.0}, {"attr": "passenger_count", "op": "range", "lo": 1.0, "hi": 1.01}], "most_selective_attr": "DOLocationID"}
r	{"filters": [{"attr": "DOLocationID", "op": "eq", "value": 236}, {"attr": "fare_amount", "op": "range", "lo": 12.1, "hi": 20.5}, {"attr": "tpep_pickup_datetime", "op": "range", "lo": 1717761378, "hi": 1731624985}], "most_selective_attr": "DOLocationID"}
r	{"filters": [{"attr": "tpep_pickup_datetime", "op": "range", "lo": 1727446039, "hi": 1743621130}, {"attr": "tpep_dropoff_datetime", "op": "range", "lo": 1711547402, "hi": 1730140246}, {"attr": "passenger_count", "op": "range", "lo": -1.0, "hi": -0.99}], "most_selective_attr": "passenger_count"}
r	{"filters": [{"attr": "PULocationID", "op": "eq", "value": 114}, {"attr": "tpep_dropoff_datetime", "op": "range", "lo": 1712565395, "hi": 1752868398}, {"attr": "passenger_count", "op": "range", "lo": 1.0, "hi": 2.0}], "most_selective_attr": "PULocationID"}
r	{"filters": [{"attr": "PULocationID", "op": "eq", "value": 164}, {"attr": "fare_amount", "op": "range", "lo": 10.7, "hi": 23.28}, {"attr": "tpep_pickup_datetime", "op": "range", "lo": 1747955511, "hi": 1765622065}], "most_selective_attr": "PULocationID"}
r	{"filters": [{"attr": "DOLocationID", "op": "eq", "value": 234}, {"attr": "tpep_dropoff_datetime", "op": "range", "lo": 1719164318, "hi": 1744400547}, {"attr": "tpep_pickup_datetime", "op": "range", "lo": 1723878794, "hi": 1736965311}], "most_selective_attr": "DOLocationID"}
r	{"filters": [{"attr": "tpep_pickup_datetime", "op": "range", "lo": 1740193320, "hi": 1753988751}, {"attr": "passenger_count", "op": "range", "lo": 1.0, "hi": 1.01}, {"attr": "fare_amount", "op": "range", "lo": 24.08, "hi": 30.28}], "most_selective_attr": "fare_amount"}
r	{"filters": [{"attr": "tpep_pickup_datetime", "op": "range", "lo": 1725964219, "hi": 1750967554}, {"attr": "fare_amount", "op": "range", "lo": 9.3, "hi": 11.4}, {"attr": "tpep_dropoff_datetime", "op": "range", "lo": 1748693799, "hi": 1753312034}], "most_selective_attr": "tpep_dropoff_datetime"}
r	{"filters": [{"attr": "DOLocationID", "op": "eq", "value": 50}, {"attr": "tpep_dropoff_datetime", "op": "range", "lo": 1712743373, "hi": 1761569026}, {"attr": "tpep_pickup_datetime", "op": "range", "lo": 1711157525, "hi": 1760692797}], "most_selective_attr": "DOLocationID"}
r	{"filters": [{"attr": "DOLocationID", "op": "eq", "value": 68}, {"attr": "tpep_pickup_datetime", "op": "range", "lo": 1741551857, "hi": 1749835162}, {"attr": "fare_amount", "op": "range", "lo": 6.5, "hi": 15.0}], "most_selective_attr": "DOLocationID"}
r	{"filters": [{"attr": "PULocationID", "op": "eq", "value": 107}, {"attr": "tpep_dropoff_datetime", "op": "range", "lo": 1717753911, "hi": 1745783040}, {"attr": "fare_amount", "op": "range", "lo": 8.6, "hi": 26.78}], "most_selective_attr": "PULocationID"}
r	{"filters": [{"attr": "fare_amount", "op": "range", "lo": 12.1, "hi": 12.8}, {"attr": "tpep_dropoff_datetime", "op": "range", "lo": 1737674432, "hi": 1749939068}, {"attr": "tpep_pickup_datetime", "op": "range", "lo": 1736280377, "hi": 1751713627}], "most_selective_attr": "fare_amount"}
r	{"filters": [{"attr": "DOLocationID", "op": "eq", "value": 230}, {"attr": "fare_amount", "op": "range", "lo": 5.8, "hi": 10.91}, {"attr": "tpep_dropoff_datetime", "op": "range", "lo": 1730302279, "hi": 1764447473}], "most_selective_attr": "DOLocationID"}
r	{"filters": [{"attr": "PULocationID", "op": "eq", "value": 142}, {"attr": "passenger_count", "op": "range", "lo": 1.0, "hi": 2.0}, {"attr": "fare_amount", "op": "range", "lo": 21.9, "hi": 53.4}], "most_selective_attr": "PULocationID"}
r	{"filters": [{"attr": "DOLocationID", "op": "eq", "value": 162}, {"attr": "tpep_pickup_datetime", "op": "range", "lo": 1711569838, "hi": 1728461895}, {"attr": "passenger_count", "op": "range", "lo": 1.0, "hi": 2.0}], "most_selective_attr": "DOLocationID"}
r	{"filters": [{"attr": "PULocationID", "op": "eq", "value": 246}, {"attr": "fare_amount", "op": "range", "lo": 7.2, "hi": 33.8}, {"attr": "tpep_dropoff_datetime", "op": "range", "lo": 1744968568, "hi": 1766400817}], "most_selective_attr": "PULocationID"}
r	{"filters": [{"attr": "DOLocationID", "op": "eq", "value": 231}, {"attr": "passenger_count", "op": "range", "lo": 1.0, "hi": 2.0}, {"attr": "tpep_pickup_datetime", "op": "range", "lo": 1721475877, "hi": 1765209414}], "most_selective_attr": "DOLocationID"}
r	{"filters": [{"attr": "PULocationID", "op": "eq", "value": 249}, {"attr": "tpep_pickup_datetime", "op": "range", "lo": 1722719906, "hi": 1752871076}, {"attr": "fare_amount", "op": "range", "lo": 10.0, "hi": 22.6}], "most_selective_attr": "PULocationID"}
r	{"filters": [{"attr": "PULocationID", "op": "eq", "value": 43}, {"attr": "passenger_count", "op": "range", "lo": 1.0, "hi": 1.01}, {"attr": "tpep_dropoff_datetime", "op": "range", "lo": 1707766240, "hi": 1734386802}], "most_selective_attr": "PULocationID"}
r	{"filters": [{"attr": "DOLocationID", "op": "eq", "value": 141}, {"attr": "tpep_pickup_datetime", "op": "range", "lo": 1721677081, "hi": 1752577153}, {"attr": "passenger_count", "op": "range", "lo": 1.0, "hi": 2.0}], "most_selective_attr": "DOLocationID"}
r	{"filters": [{"attr": "PULocationID", "op": "eq", "value": 246}, {"attr": "passenger_count", "op": "range", "lo": 1.0, "hi": 2.0}, {"attr": "tpep_dropoff_datetime", "op": "range", "lo": 1705193757, "hi": 1740427628}], "most_selective_attr": "PULocationID"}
r	{"filters": [{"attr": "PULocationID", "op": "eq", "value": 144}, {"attr": "tpep_dropoff_datetime", "op": "range", "lo": 1737671420, "hi": 1759768336}, {"attr": "passenger_count", "op": "range", "lo": -1.0, "hi": 3.0}], "most_selective_attr": "PULocationID"}
r	{"filters": [{"attr": "DOLocationID", "op": "eq", "value": 113}, {"attr": "tpep_dropoff_datetime", "op": "range", "lo": 1728895813, "hi": 1750800865}, {"attr": "fare_amount", "op": "range", "lo": 7.2, "hi": 34.6}], "most_selective_attr": "DOLocationID"}
r	{"filters": [{"attr": "PULocationID", "op": "eq", "value": 164}, {"attr": "tpep_dropoff_datetime", "op": "range", "lo": 1724084111, "hi": 1760645940}, {"attr": "fare_amount", "op": "range", "lo": 15.54, "hi": 26.8}], "most_selective_attr": "PULocationID"}
r	{"filters": [{"attr": "PULocationID", "op": "eq", "value": 161}, {"attr": "fare_amount", "op": "range", "lo": 38.7, "hi": 87.0}, {"attr": "tpep_dropoff_datetime", "op": "range", "lo": 1712375286, "hi": 1747500284}], "most_selective_attr": "PULocationID"}
r	{"filters": [{"attr": "PULocationID", "op": "eq", "value": 140}, {"attr": "tpep_dropoff_datetime", "op": "range", "lo": 1719417391, "hi": 1764804632}, {"attr": "fare_amount", "op": "range", "lo": 13.5, "hi": 24.83}], "most_selective_attr": "PULocationID"}
r	{"filters": [{"attr": "DOLocationID", "op": "eq", "value": 75}, {"attr": "fare_amount", "op": "range", "lo": 5.1, "hi": 24.0}, {"attr": "passenger_count", "op": "range", "lo": 1.0, "hi": 1.01}], "most_selective_attr": "DOLocationID"}
r	{"filters": [{"attr": "DOLocationID", "op": "eq", "value": 263}, {"attr": "tpep_pickup_datetime", "op": "range", "lo": 1713536709, "hi": 1759933151}, {"attr": "tpep_dropoff_datetime", "op": "range", "lo": 1719919518, "hi": 1738270074}], "most_selective_attr": "DOLocationID"}
r	{"filters": [{"attr": "PULocationID", "op": "eq", "value": 100}, {"attr": "fare_amount", "op": "range", "lo": 12.1, "hi": 44.3}, {"attr": "passenger_count", "op": "range", "lo": 1.0, "hi": 2.0}], "most_selective_attr": "PULocationID"}
r	{"filters": [{"attr": "DOLocationID", "op": "eq", "value": 75}, {"attr": "tpep_dropoff_datetime", "op": "range", "lo": 1706640919, "hi": 1745217515}, {"attr": "fare_amount", "op": "range", "lo": 10.65, "hi": 14.9}], "most_selective_attr": "DOLocationID"}
r	{"filters": [{"attr": "DOLocationID", "op": "eq", "value": 164}, {"attr": "tpep_dropoff_datetime", "op": "range", "lo": 1706039245, "hi": 1748711335}, {"attr": "tpep_pickup_datetime", "op": "range", "lo": 1713967331, "hi": 1728480294}], "most_selective_attr": "DOLocationID"}
r	{"filters": [{"attr": "fare_amount", "op": "range", "lo": 10.0, "hi": 10.7}, {"attr": "tpep_pickup_datetime", "op": "range", "lo": 1718307562, "hi": 1730050507}, {"attr": "tpep_dropoff_datetime", "op": "range", "lo": 1704394838, "hi": 1729757210}], "most_selective_attr": "fare_amount"}
r	{"filters": [{"attr": "PULocationID", "op": "eq", "value": 236}, {"attr": "passenger_count", "op": "range", "lo": -1.0, "hi": 1.0}, {"attr": "tpep_pickup_datetime", "op": "range", "lo": 1727191427, "hi": 1757755898}], "most_selective_attr": "PULocationID"}
r	{"filters": [{"attr": "DOLocationID", "op": "eq", "value": 230}, {"attr": "tpep_dropoff_datetime", "op": "range", "lo": 1734124683, "hi": 1761346470}, {"attr": "tpep_pickup_datetime", "op": "range", "lo": 1738171815, "hi": 1756698578}], "most_selective_attr": "DOLocationID"}
r	{"filters": [{"attr": "fare_amount", "op": "range", "lo": 8.6, "hi": 12.1}, {"attr": "tpep_dropoff_datetime", "op": "range", "lo": 1724832452, "hi": 1727675430}, {"attr": "tpep_pickup_datetime", "op": "range", "lo": 1712056641, "hi": 1731931944}], "most_selective_attr": "tpep_dropoff_datetime"}
r	{"filters": [{"attr": "PULocationID", "op": "eq", "value": 239}, {"attr": "tpep_pickup_datetime", "op": "range", "lo": 1734101657, "hi": 1766217788}, {"attr": "passenger_count", "op": "range", "lo": -1.0, "hi": 1.0}], "most_selective_attr": "PULocationID"}
r	{"filters": [{"attr": "PULocationID", "op": "eq", "value": 79}, {"attr": "fare_amount", "op": "range", "lo": 11.4, "hi": 21.9}, {"attr": "passenger_count", "op": "range", "lo": 1.0, "hi": 4.0}], "most_selective_attr": "PULocationID"}
r	{"filters": [{"attr": "DOLocationID", "op": "eq", "value": 50}, {"attr": "passenger_count", "op": "range", "lo": -1.0, "hi": 1.0}, {"attr": "tpep_dropoff_datetime", "op": "range", "lo": 1715415042, "hi": 1757476291}], "most_selective_attr": "DOLocationID"}
r	{"filters": [{"attr": "DOLocationID", "op": "eq", "value": 163}, {"attr": "tpep_pickup_datetime", "op": "range", "lo": 1713967334, "hi": 1729608701}, {"attr": "tpep_dropoff_datetime", "op": "range", "lo": 1706000140, "hi": 1732224002}], "most_selective_attr": "DOLocationID"}
r	{"filters": [{"attr": "PULocationID", "op": "eq", "value": 161}, {"attr": "fare_amount", "op": "range", "lo": 19.63, "hi": 33.1}, {"attr": "tpep_pickup_datetime", "op": "range", "lo": 1715074257, "hi": 1732035213}], "most_selective_attr": "PULocationID"}
r	{"filters": [{"attr": "fare_amount", "op": "range", "lo": 29.6, "hi": 67.72}, {"attr": "tpep_dropoff_datetime", "op": "range", "lo": 1745585753, "hi": 1752965688}, {"attr": "passenger_count", "op": "range", "lo": -1.0, "hi": 1.0}], "most_selective_attr": "fare_amount"}
r	{"filters": [{"attr": "PULocationID", "op": "eq", "value": 163}, {"attr": "tpep_pickup_datetime", "op": "range", "lo": 1706557823, "hi": 1715877508}, {"attr": "passenger_count", "op": "range", "lo": 1.0, "hi": 2.0}], "most_selective_attr": "PULocationID"}
r	{"filters": [{"attr": "PULocationID", "op": "eq", "value": 186}, {"attr": "passenger_count", "op": "range", "lo": -1.0, "hi": 1.0}, {"attr": "tpep_dropoff_datetime", "op": "range", "lo": 1731451111, "hi": 1762975047}], "most_selective_attr": "PULocationID"}
r	{"filters": [{"attr": "DOLocationID", "op": "eq", "value": 249}, {"attr": "tpep_pickup_datetime", "op": "range", "lo": 1723395074, "hi": 1765555685}, {"attr": "passenger_count", "op": "range", "lo": 1.0, "hi": 6.0}], "most_selective_attr": "DOLocationID"}
r	{"filters": [{"attr": "tpep_pickup_datetime", "op": "range", "lo": 1707038123, "hi": 1714635721}, {"attr": "passenger_count", "op": "range", "lo": 1.0, "hi": 2.0}, {"attr": "fare_amount", "op": "range", "lo": 6.5, "hi": 7.9}], "most_selective_attr": "fare_amount"}
r	{"filters": [{"attr": "PULocationID", "op": "eq", "value": 162}, {"attr": "tpep_pickup_datetime", "op": "range", "lo": 1734821075, "hi": 1758366131}, {"attr": "passenger_count", "op": "range", "lo": -1.0, "hi": 1.0}], "most_selective_attr": "PULocationID"}
r	{"filters": [{"attr": "PULocationID", "op": "eq", "value": 137}, {"attr": "fare_amount", "op": "range", "lo": -4.75, "hi": 21.2}, {"attr": "tpep_pickup_datetime", "op": "range", "lo": 1705687057, "hi": 1764191531}], "most_selective_attr": "PULocationID"}
r	{"filters": [{"attr": "DOLocationID", "op": "eq", "value": 237}, {"attr": "passenger_count", "op": "range", "lo": 1.0, "hi": 1.01}, {"attr": "fare_amount", "op": "range", "lo": 17.7, "hi": 104.5}], "most_selective_attr": "DOLocationID"}
r	{"filters": [{"attr": "PULocationID", "op": "eq", "value": 148}, {"attr": "fare_amount", "op": "range", "lo": 8.6, "hi": 43.6}, {"attr": "tpep_pickup_datetime", "op": "range", "lo": 1720451913, "hi": 1765793685}], "most_selective_attr": "PULocationID"}
r	{"filters": [{"attr": "PULocationID", "op": "eq", "value": 140}, {"attr": "tpep_dropoff_datetime", "op": "range", "lo": 1735305739, "hi": 1749328438}, {"attr": "tpep_pickup_datetime", "op": "range", "lo": 1713979089, "hi": 1760217744}], "most_selective_attr": "PULocationID"}
r	{"filters": [{"attr": "PULocationID", "op": "eq", "value": 107}, {"attr": "fare_amount", "op": "range", "lo": 14.9, "hi": 22.6}, {"attr": "passenger_count", "op": "range", "lo": 1.0, "hi": 2.0}], "most_selective_attr": "PULocationID"}
r	{"filters": [{"attr": "fare_amount", "op": "range", "lo": 10.0, "hi": 11.04}, {"attr": "tpep_dropoff_datetime", "op": "range", "lo": 1730976430, "hi": 1751072517}, {"attr": "tpep_pickup_datetime", "op": "range", "lo": 1724741641, "hi": 1731955896}], "most_selective_attr": "fare_amount"}
r	{"filters": [{"attr": "PULocationID", "op": "eq", "value": 141}, {"attr": "fare_amount", "op": "range", "lo": 10.7, "hi": 23.3}, {"attr": "tpep_pickup_datetime", "op": "range", "lo": 1713792216, "hi": 1761702536}], "most_selective_attr": "PULocationID"}
r	{"filters": [{"attr": "PULocationID", "op": "eq", "value": 100}, {"attr": "tpep_dropoff_datetime", "op": "range", "lo": 1730892352, "hi": 1763499339}, {"attr": "fare_amount", "op": "range", "lo": 4.4, "hi": 19.1}], "most_selective_attr": "PULocationID"}
r	{"filters": [{"attr": "DOLocationID", "op": "eq", "value": 170}, {"attr": "passenger_count", "op": "range", "lo": 1.0, "hi": 1.01}, {"attr": "tpep_dropoff_datetime", "op": "range", "lo": 1732561958, "hi": 1759054571}], "most_selective_attr": "DOLocationID"}
r	{"filters": [{"attr": "tpep_pickup_datetime", "op": "range", "lo": 1740859516, "hi": 1746808117}, {"attr": "fare_amount", "op": "range", "lo": 25.4, "hi": 70.0}, {"attr": "passenger_count", "op": "range", "lo": 1.0, "hi": 2.0}], "most_selective_attr": "tpep_pickup_datetime"}
r	{"filters": [{"attr": "fare_amount", "op": "range", "lo": 41.5, "hi": 99.6}, {"attr": "passenger_count", "op": "range", "lo": 1.0, "hi": 1.01}, {"attr": "tpep_dropoff_datetime", "op": "range", "lo": 1710878757, "hi": 1717451062}], "most_selective_attr": "fare_amount"}
r	{"filters": [{"attr": "PULocationID", "op": "eq", "value": 170}, {"attr": "passenger_count", "op": "range", "lo": 1.0, "hi": 2.0}, {"attr": "tpep_dropoff_datetime", "op": "range", "lo": 1716932178, "hi": 1748062332}], "most_selective_attr": "PULocationID"}
r	{"filters": [{"attr": "DOLocationID", "op": "eq", "value": 164}, {"attr": "fare_amount", "op": "range", "lo": 9.3, "hi": 38.69}, {"attr": "passenger_count", "op": "range", "lo": 1.0, "hi": 1.01}], "most_selective_attr": "DOLocationID"}
r	{"filters": [{"attr": "DOLocationID", "op": "eq", "value": 164}, {"attr": "tpep_pickup_datetime", "op": "range", "lo": 1733328898, "hi": 1763221054}, {"attr": "passenger_count", "op": "range", "lo": -1.0, "hi": 1.0}], "most_selective_attr": "DOLocationID"}
r	{"filters": [{"attr": "PULocationID", "op": "eq", "value": 238}, {"attr": "fare_amount", "op": "range", "lo": -1.01, "hi": 13.8}, {"attr": "tpep_pickup_datetime", "op": "range", "lo": 1720178672, "hi": 1739811635}], "most_selective_attr": "PULocationID"}
r	{"filters": [{"attr": "PULocationID", "op": "eq", "value": 234}, {"attr": "tpep_pickup_datetime", "op": "range", "lo": 1710160065, "hi": 1743807533}, {"attr": "fare_amount", "op": "range", "lo": -2.1, "hi": 12.1}], "most_selective_attr": "PULocationID"}
r	{"filters": [{"attr": "PULocationID", "op": "eq", "value": 262}, {"attr": "tpep_pickup_datetime", "op": "range", "lo": 1730389744, "hi": 1752912887}, {"attr": "passenger_count", "op": "range", "lo": -1.0, "hi": 1.0}], "most_selective_attr": "PULocationID"}
r	{"filters": [{"attr": "DOLocationID", "op": "eq", "value": 142}, {"attr": "passenger_count", "op": "range", "lo": 1.0, "hi": 2.0}, {"attr": "fare_amount", "op": "range", "lo": 14.2, "hi": 50.3}], "most_selective_attr": "DOLocationID"}
r	{"filters": [{"attr": "DOLocationID", "op": "eq", "value": 138}, {"attr": "fare_amount", "op": "range", "lo": -4.75, "hi": 70.0}, {"attr": "tpep_pickup_datetime", "op": "range", "lo": 1739561814, "hi": 1766392478}], "most_selective_attr": "DOLocationID"}
r	{"filters": [{"attr": "PULocationID", "op": "eq", "value": 162}, {"attr": "fare_amount", "op": "range", "lo": 27.5, "hi": 63.9}, {"attr": "tpep_dropoff_datetime", "op": "range", "lo": 1714304713, "hi": 1748782638}], "most_selective_attr": "PULocationID"}
r	{"filters": [{"attr": "passenger_count", "op": "range", "lo": -1.0, "hi": 1.0}, {"attr": "tpep_dropoff_datetime", "op": "range", "lo": 1722439703, "hi": 1732132951}, {"attr": "fare_amount", "op": "range", "lo": 12.8, "hi": 16.3}], "most_selective_attr": "tpep_dropoff_datetime"}
r	{"filters": [{"attr": "PULocationID", "op": "eq", "value": 107}, {"attr": "tpep_pickup_datetime", "op": "range", "lo": 1741996864, "hi": 1761301294}, {"attr": "passenger_count", "op": "range", "lo": 1.0, "hi": 2.0}], "most_selective_attr": "PULocationID"}
r	{"filters": [{"attr": "PULocationID", "op": "eq", "value": 231}, {"attr": "fare_amount", "op": "range", "lo": 12.8, "hi": 21.2}, {"attr": "tpep_dropoff_datetime", "op": "range", "lo": 1713189164, "hi": 1749079835}], "most_selective_attr": "PULocationID"}
r	{"filters": [{"attr": "tpep_pickup_datetime", "op": "range", "lo": 1707953898, "hi": 1722865822}, {"attr": "tpep_dropoff_datetime", "op": "range", "lo": 1718313649, "hi": 1734868085}, {"attr": "fare_amount", "op": "range", "lo": 0.08, "hi": 7.2}], "most_selective_attr": "fare_amount"}
r	{"filters": [{"attr": "DOLocationID", "op": "eq", "value": 143}, {"attr": "fare_amount", "op": "range", "lo": 10.0, "hi": 24.0}, {"attr": "tpep_dropoff_datetime", "op": "range", "lo": 1712493170, "hi": 1755122272}], "most_selective_attr": "DOLocationID"}
r	{"filters": [{"attr": "DOLocationID", "op": "eq", "value": 237}, {"attr": "passenger_count", "op": "range", "lo": 1.0, "hi": 1.01}, {"attr": "tpep_dropoff_datetime", "op": "range", "lo": 1721583240, "hi": 1740135001}], "most_selective_attr": "DOLocationID"}
r	{"filters": [{"attr": "PULocationID", "op": "eq", "value": 79}, {"attr": "tpep_pickup_datetime", "op": "range", "lo": 1730416986, "hi": 1754218316}, {"attr": "fare_amount", "op": "range", "lo": 10.0, "hi": 21.2}], "most_selective_attr": "PULocationID"}
r	{"filters": [{"attr": "PULocationID", "op": "eq", "value": 233}, {"attr": "passenger_count", "op": "range", "lo": -1.0, "hi": 2.0}, {"attr": "fare_amount", "op": "range", "lo": 7.9, "hi": 19.93}], "most_selective_attr": "PULocationID"}
r	{"filters": [{"attr": "fare_amount", "op": "range", "lo": 23.3, "hi": 25.98}, {"attr": "tpep_dropoff_datetime", "op": "range", "lo": 1731349929, "hi": 1748844958}, {"attr": "passenger_count", "op": "range", "lo": -1.0, "hi": 1.0}], "most_selective_attr": "fare_amount"}
r	{"filters": [{"attr": "passenger_count", "op": "range", "lo": 1.0, "hi": 1.01}, {"attr": "tpep_pickup_datetime", "op": "range", "lo": 1725300898, "hi": 1733689567}, {"attr": "tpep_dropoff_datetime", "op": "range", "lo": 1733316883, "hi": 1746554938}], "most_selective_attr": "tpep_pickup_datetime"}
r	{"filters": [{"attr": "PULocationID", "op": "eq", "value": 142}, {"attr": "tpep_dropoff_datetime", "op": "range", "lo": 1720657682, "hi": 1752691119}, {"attr": "tpep_pickup_datetime", "op": "range", "lo": 1736856583, "hi": 1747099642}], "most_selective_attr": "PULocationID"}
r	{"filters": [{"attr": "PULocationID", "op": "eq", "value": 162}, {"attr": "passenger_count", "op": "range", "lo": 1.0, "hi": 1.01}, {"attr": "tpep_pickup_datetime", "op": "range", "lo": 1713975789, "hi": 1729574002}], "most_selective_attr": "PULocationID"}
r	{"filters": [{"attr": "PULocationID", "op": "eq", "value": 140}, {"attr": "fare_amount", "op": "range", "lo": -1.5, "hi": 9.3}, {"attr": "tpep_pickup_datetime", "op": "range", "lo": 1714740930, "hi": 1757856439}], "most_selective_attr": "PULocationID"}
r	{"filters": [{"attr": "DOLocationID", "op": "eq", "value": 249}, {"attr": "fare_amount", "op": "range", "lo": 5.1, "hi": 13.5}, {"attr": "passenger_count", "op": "range", "lo": 1.0, "hi": 1.01}], "most_selective_attr": "DOLocationID"}
r	{"filters": [{"attr": "tpep_pickup_datetime", "op": "range", "lo": 1736264281, "hi": 1744386231}, {"attr": "tpep_dropoff_datetime", "op": "range", "lo": 1730427390, "hi": 1756207396}, {"attr": "fare_amount", "op": "range", "lo": 19.8, "hi": 21.2}], "most_selective_attr": "fare_amount"}
r	{"filters": [{"attr": "DOLocationID", "op": "eq", "value": 263}, {"attr": "passenger_count", "op": "range", "lo": -1.0, "hi": 1.0}, {"attr": "tpep_pickup_datetime", "op": "range", "lo": 1732082665, "hi": 1751748109}], "most_selective_attr": "DOLocationID"}
r	{"filters": [{"attr": "tpep_dropoff_datetime", "op": "range", "lo": 1745863458, "hi": 1757883520}, {"attr": "tpep_pickup_datetime", "op": "range", "lo": 1730132605, "hi": 1749871708}, {"attr": "fare_amount", "op": "range", "lo": 12.8, "hi": 14.2}], "most_selective_attr": "fare_amount"}
r	{"filters": [{"attr": "PULocationID", "op": "eq", "value": 140}, {"attr": "fare_amount", "op": "range", "lo": 12.1, "hi": 25.4}, {"attr": "passenger_count", "op": "range", "lo": 1.0, "hi": 1.01}], "most_selective_attr": "PULocationID"}
r	{"filters": [{"attr": "DOLocationID", "op": "eq", "value": 239}, {"attr": "passenger_count", "op": "range", "lo": 1.0, "hi": 2.0}, {"attr": "fare_amount", "op": "range", "lo": 12.1, "hi": 17.0}], "most_selective_attr": "DOLocationID"}
r	{"filters": [{"attr": "tpep_pickup_datetime", "op": "range", "lo": 1719069874, "hi": 1734883900}, {"attr": "passenger_count", "op": "range", "lo": 1.0, "hi": 1.01}, {"attr": "tpep_dropoff_datetime", "op": "range", "lo": 1704374669, "hi": 1719676628}], "most_selective_attr": "tpep_dropoff_datetime"}
r	{"filters": [{"attr": "PULocationID", "op": "eq", "value": 161}, {"attr": "tpep_pickup_datetime", "op": "range", "lo": 1745257044, "hi": 1761761413}, {"attr": "tpep_dropoff_datetime", "op": "range", "lo": 1736802562, "hi": 1755110519}], "most_selective_attr": "PULocationID"}
r	{"filters": [{"attr": "PULocationID", "op": "eq", "value": 90}, {"attr": "passenger_count", "op": "range", "lo": 1.0, "hi": 1.01}, {"attr": "tpep_dropoff_datetime", "op": "range", "lo": 1710978885, "hi": 1757092722}], "most_selective_attr": "PULocationID"}
r	{"filters": [{"attr": "DOLocationID", "op": "eq", "value": 144}, {"attr": "fare_amount", "op": "range", "lo": 10.7, "hi": 29.96}, {"attr": "passenger_count", "op": "range", "lo": -1.0, "hi": 2.0}], "most_selective_attr": "DOLocationID"}
r	{"filters": [{"attr": "DOLocationID", "op": "eq", "value": 238}, {"attr": "fare_amount", "op": "range", "lo": 5.1, "hi": 14.9}, {"attr": "passenger_count", "op": "range", "lo": -1.0, "hi": 2.0}], "most_selective_attr": "DOLocationID"}
r	{"filters": [{"attr": "PULocationID", "op": "eq", "value": 140}, {"attr": "tpep_dropoff_datetime", "op": "range", "lo": 1712430787, "hi": 1731619437}, {"attr": "fare_amount", "op": "range", "lo": 14.2, "hi": 70.0}], "most_selective_attr": "PULocationID"}
r	{"filters": [{"attr": "PULocationID", "op": "eq", "value": 140}, {"attr": "tpep_pickup_datetime", "op": "range", "lo": 1728506749, "hi": 1762867345}, {"attr": "fare_amount", "op": "range", "lo": 5.1, "hi": 33.1}], "most_selective_attr": "PULocationID"}
r	{"filters": [{"attr": "PULocationID", "op": "eq", "value": 239}, {"attr": "passenger_count", "op": "range", "lo": 1.0, "hi": 2.0}, {"attr": "tpep_dropoff_datetime", "op": "range", "lo": 1713810258, "hi": 1739652462}], "most_selective_attr": "PULocationID"}
r	{"filters": [{"attr": "DOLocationID", "op": "eq", "value": 262}, {"attr": "tpep_dropoff_datetime", "op": "range", "lo": 1734689258, "hi": 1755904794}, {"attr": "tpep_pickup_datetime", "op": "range", "lo": 1727850562, "hi": 1749033720}], "most_selective_attr": "DOLocationID"}
r	{"filters": [{"attr": "DOLocationID", "op": "eq", "value": 68}, {"attr": "tpep_pickup_datetime", "op": "range", "lo": 1727454104, "hi": 1755611913}, {"attr": "passenger_count", "op": "range", "lo": 1.0, "hi": 2.0}], "most_selective_attr": "DOLocationID"}
r	{"filters": [{"attr": "PULocationID", "op": "eq", "value": 158}, {"attr": "tpep_pickup_datetime", "op": "range", "lo": 1707710108, "hi": 1763746217}, {"attr": "passenger_count", "op": "range", "lo": 1.0, "hi": 1.01}], "most_selective_attr": "PULocationID"}
r	{"filters": [{"attr": "PULocationID", "op": "eq", "value": 239}, {"attr": "tpep_pickup_datetime", "op": "range", "lo": 1710584703, "hi": 1748541254}, {"attr": "tpep_dropoff_datetime", "op": "range", "lo": 1732456611, "hi": 1758220661}], "most_selective_attr": "PULocationID"}
r	{"filters": [{"attr": "DOLocationID", "op": "eq", "value": 142}, {"attr": "tpep_dropoff_datetime", "op": "range", "lo": 1736822280, "hi": 1765357169}, {"attr": "tpep_pickup_datetime", "op": "range", "lo": 1735483582, "hi": 1748975918}], "most_selective_attr": "DOLocationID"}
r	{"filters": [{"attr": "fare_amount", "op": "range", "lo": 20.5, "hi": 28.2}, {"attr": "passenger_count", "op": "range", "lo": -1.0, "hi": 1.0}, {"attr": "tpep_pickup_datetime", "op": "range", "lo": 1746990201, "hi": 1755262427}], "most_selective_attr": "fare_amount"}
r	{"filters": [{"attr": "DOLocationID", "op": "eq", "value": 100}, {"attr": "tpep_pickup_datetime", "op": "range", "lo": 1712853352, "hi": 1766588111}, {"attr": "tpep_dropoff_datetime", "op": "range", "lo": 1712677467, "hi": 1734186239}], "most_selective_attr": "DOLocationID"}
r	{"filters": [{"attr": "DOLocationID", "op": "eq", "value": 79}, {"attr": "tpep_dropoff_datetime", "op": "range", "lo": 1722531346, "hi": 1749147482}, {"attr": "passenger_count", "op": "range", "lo": -1.0, "hi": 1.0}], "most_selective_attr": "DOLocationID"}
r	{"filters": [{"attr": "DOLocationID", "op": "eq", "value": 249}, {"attr": "passenger_count", "op": "range", "lo": 1.0, "hi": 2.0}, {"attr": "tpep_dropoff_datetime", "op": "range", "lo": 1739695067, "hi": 1764183192}], "most_selective_attr": "DOLocationID"}
r	{"filters": [{"attr": "DOLocationID", "op": "eq", "value": 239}, {"attr": "passenger_count", "op": "range", "lo": -1.0, "hi": 1.0}, {"attr": "tpep_dropoff_datetime", "op": "range", "lo": 1712409301, "hi": 1746820455}], "most_selective_attr": "DOLocationID"}
r	{"filters": [{"attr": "DOLocationID", "op": "eq", "value": 162}, {"attr": "tpep_dropoff_datetime", "op": "range", "lo": 1725743316, "hi": 1759670477}, {"attr": "fare_amount", "op": "range", "lo": 16.57, "hi": 70.0}], "most_selective_attr": "DOLocationID"}
r	{"filters": [{"attr": "PULocationID", "op": "eq", "value": 107}, {"attr": "tpep_pickup_datetime", "op": "range", "lo": 1730715096, "hi": 1764609355}, {"attr": "tpep_dropoff_datetime", "op": "range", "lo": 1713535683, "hi": 1741279947}], "most_selective_attr": "PULocationID"}
r	{"filters": [{"attr": "fare_amount", "op": "range", "lo": 18.4, "hi": 36.45}, {"attr": "passenger_count", "op": "range", "lo": 1.0, "hi": 1.01}, {"attr": "tpep_pickup_datetime", "op": "range", "lo": 1759220569, "hi": 1762286518}], "most_selective_attr": "tpep_pickup_datetime"}
r	{"filters": [{"attr": "DOLocationID", "op": "eq", "value": 237}, {"attr": "tpep_dropoff_datetime", "op": "range", "lo": 1748798522, "hi": 1765118857}, {"attr": "passenger_count", "op": "range", "lo": -1.0, "hi": 1.0}], "most_selective_attr": "DOLocationID"}
r	{"filters": [{"attr": "DOLocationID", "op": "eq", "value": 237}, {"attr": "tpep_dropoff_datetime", "op": "range", "lo": 1729904531, "hi": 1753623350}, {"attr": "tpep_pickup_datetime", "op": "range", "lo": 1742514180, "hi": 1763401597}], "most_selective_attr": "DOLocationID"}
r	{"filters": [{"attr": "DOLocationID", "op": "eq", "value": 238}, {"attr": "tpep_pickup_datetime", "op": "range", "lo": 1738427053, "hi": 1767033972}, {"attr": "fare_amount", "op": "range", "lo": 9.3, "hi": 14.2}], "most_selective_attr": "DOLocationID"}
r	{"filters": [{"attr": "DOLocationID", "op": "eq", "value": 68}, {"attr": "passenger_count", "op": "range", "lo": 1.0, "hi": 2.0}, {"attr": "tpep_pickup_datetime", "op": "range", "lo": 1712412168, "hi": 1747587620}], "most_selective_attr": "DOLocationID"}
r	{"filters": [{"attr": "PULocationID", "op": "eq", "value": 100}, {"attr": "passenger_count", "op": "range", "lo": 1.0, "hi": 4.0}, {"attr": "tpep_pickup_datetime", "op": "range", "lo": 1728330144, "hi": 1765707327}], "most_selective_attr": "PULocationID"}
r	{"filters": [{"attr": "PULocationID", "op": "eq", "value": 113}, {"attr": "tpep_pickup_datetime", "op": "range", "lo": 1708955445, "hi": 1757855544}, {"attr": "fare_amount", "op": "range", "lo": 6.5, "hi": 25.4}], "most_selective_attr": "PULocationID"}
r	{"filters": [{"attr": "PULocationID", "op": "eq", "value": 161}, {"attr": "passenger_count", "op": "range", "lo": 1.0, "hi": 1.01}, {"attr": "fare_amount", "op": "range", "lo": 7.2, "hi": 10.0}], "most_selective_attr": "PULocationID"}
r	{"filters": [{"attr": "passenger_count", "op": "range", "lo": -1.0, "hi": 1.0}, {"attr": "tpep_pickup_datetime", "op": "range", "lo": 1747080027, "hi": 1754595743}, {"attr": "fare_amount", "op": "range", "lo": 12.1, "hi": 13.5}], "most_selective_attr": "fare_amount"}
r	{"filters": [{"attr": "PULocationID", "op": "eq", "value": 233}, {"attr": "passenger_count", "op": "range", "lo": 1.0, "hi": 3.0}, {"attr": "fare_amount", "op": "range", "lo": 10.0, "hi": 24.7}], "most_selective_attr": "PULocationID"}
r	{"filters": [{"attr": "tpep_pickup_datetime", "op": "range", "lo": 1747950337, "hi": 1754078259}, {"attr": "passenger_count", "op": "range", "lo": -1.0, "hi": 1.0}, {"attr": "fare_amount", "op": "range", "lo": -10.0, "hi": 6.5}], "most_selective_attr": "fare_amount"}
r	{"filters": [{"attr": "PULocationID", "op": "eq", "value": 246}, {"attr": "tpep_pickup_datetime", "op": "range", "lo": 1711015647, "hi": 1739572997}, {"attr": "fare_amount", "op": "range", "lo": 5.1, "hi": 17.7}], "most_selective_attr": "PULocationID"}
r	{"filters": [{"attr": "DOLocationID", "op": "eq", "value": 163}, {"attr": "fare_amount", "op": "range", "lo": 7.2, "hi": 20.5}, {"attr": "passenger_count", "op": "range", "lo": -1.0, "hi": 1.0}], "most_selective_attr": "DOLocationID"}
r	{"filters": [{"attr": "fare_amount", "op": "range", "lo": 12.8, "hi": 17.8}, {"attr": "tpep_dropoff_datetime", "op": "range", "lo": 1740625728, "hi": 1745828746}, {"attr": "passenger_count", "op": "range", "lo": -1.0, "hi": 1.0}], "most_selective_attr": "tpep_dropoff_datetime"}
r	{"filters": [{"attr": "fare_amount", "op": "range", "lo": 9.3, "hi": 10.0}, {"attr": "passenger_count", "op": "range", "lo": 1.0, "hi": 2.0}, {"attr": "tpep_pickup_datetime", "op": "range", "lo": 1735428366, "hi": 1753543549}], "most_selective_attr": "fare_amount"}
r	{"filters": [{"attr": "DOLocationID", "op": "eq", "value": 114}, {"attr": "tpep_pickup_datetime", "op": "range", "lo": 1712209537, "hi": 1758054991}, {"attr": "passenger_count", "op": "range", "lo": -1.0, "hi": 2.0}], "most_selective_attr": "DOLocationID"}
r	{"filters": [{"attr": "PULocationID", "op": "eq", "value": 141}, {"attr": "tpep_pickup_datetime", "op": "range", "lo": 1714030465, "hi": 1754856744}, {"attr": "tpep_dropoff_datetime", "op": "range", "lo": 1730368288, "hi": 1746873286}], "most_selective_attr": "PULocationID"}
r	{"filters": [{"attr": "PULocationID", "op": "eq", "value": 68}, {"attr": "passenger_count", "op": "range", "lo": -1.0, "hi": 1.0}, {"attr": "fare_amount", "op": "range", "lo": 14.2, "hi": 70.0}], "most_selective_attr": "PULocationID"}
r	{"filters": [{"attr": "PULocationID", "op": "eq", "value": 162}, {"attr": "passenger_count", "op": "range", "lo": -1.0, "hi": 1.0}, {"attr": "tpep_pickup_datetime", "op": "range", "lo": 1704790311, "hi": 1743357911}], "most_selective_attr": "PULocationID"}
r	{"filters": [{"attr": "DOLocationID", "op": "eq", "value": 163}, {"attr": "tpep_dropoff_datetime", "op": "range", "lo": 1740989976, "hi": 1762303653}, {"attr": "tpep_pickup_datetime", "op": "range", "lo": 1734615363, "hi": 1764684772}], "most_selective_attr": "DOLocationID"}
r	{"filters": [{"attr": "DOLocationID", "op": "eq", "value": 170}, {"attr": "passenger_count", "op": "range", "lo": 1.0, "hi": 2.0}, {"attr": "fare_amount", "op": "range", "lo": 8.2, "hi": 14.2}], "most_selective_attr": "DOLocationID"}
